title,genre,rating,popularity,duration_min,revenue_million
Low_Movie_0,Drama,2.2,95,125,39
Low_Movie_1,Comedy,1.1,164,98,17
Average_Movie_2,Horror,2.6,588,90,143
Blockbuster_Movie_3,Comedy,4.6,883,91,151
Low_Movie_4,Comedy,1.6,61,103,48
Low_Movie_5,Action,2.5,166,130,43
Low_Movie_6,Drama,1.0,285,113,28
Blockbuster_Movie_7,Comedy,4.2,772,126,252
Average_Movie_8,Drama,2.9,372,115,125
Average_Movie_9,Horror,2.5,636,113,94
Average_Movie_10,Sci-Fi,3.2,430,121,107
Blockbuster_Movie_11,Horror,4.3,948,106,203
Blockbuster_Movie_12,Action,4.1,940,149,161
Low_Movie_13,Sci-Fi,2.2,226,136,36
Average_Movie_14,Drama,2.9,346,127,136
Blockbuster_Movie_15,Comedy,4.1,793,133,198
Low_Movie_16,Drama,1.7,79,135,35
Low_Movie_17,Drama,2.2,173,115,26
Blockbuster_Movie_18,Horror,4.2,968,123,221
Average_Movie_19,Sci-Fi,2.6,541,102,103
Low_Movie_20,Action,1.4,90,138,46
Blockbuster_Movie_21,Comedy,4.9,941,143,177
Average_Movie_22,Comedy,2.6,442,106,140
Average_Movie_23,Comedy,2.5,441,99,80
Blockbuster_Movie_24,Comedy,4.5,907,104,190
Average_Movie_25,Drama,2.7,523,93,90
Average_Movie_26,Comedy,3.2,584,149,64
Blockbuster_Movie_27,Action,5.0,823,110,154
Low_Movie_28,Horror,2.0,182,123,22
Low_Movie_29,Horror,2.1,109,112,36
Average_Movie_30,Horror,3.1,514,140,59
Low_Movie_31,Comedy,1.3,60,130,29
Average_Movie_32,Action,3.0,390,100,114
Low_Movie_33,Drama,2.4,84,96,17
Low_Movie_34,Action,1.3,93,120,49
Average_Movie_35,Action,3.5,686,142,105
Blockbuster_Movie_36,Action,4.3,917,143,284
Low_Movie_37,Action,2.4,246,124,33
Low_Movie_38,Comedy,2.5,120,119,15
Blockbuster_Movie_39,Horror,4.2,913,109,185
Low_Movie_40,Sci-Fi,2.1,127,120,27
Low_Movie_41,Horror,2.3,207,120,39
Low_Movie_42,Comedy,1.7,98,106,36
Blockbuster_Movie_43,Comedy,4.0,998,106,220
Blockbuster_Movie_44,Horror,5.0,799,124,232
Blockbuster_Movie_45,Comedy,4.1,791,106,178
Average_Movie_46,Drama,3.1,674,124,119
Low_Movie_47,Action,2.5,85,142,26
Blockbuster_Movie_48,Drama,4.1,912,107,232
Low_Movie_49,Horror,1.4,202,90,4
Blockbuster_Movie_50,Comedy,4.2,721,93,209
Low_Movie_51,Comedy,1.0,194,130,22
Blockbuster_Movie_52,Action,4.2,994,141,275
Average_Movie_53,Sci-Fi,3.3,444,121,62
Blockbuster_Movie_54,Comedy,4.5,952,114,179
Low_Movie_55,Comedy,1.2,83,132,48
Blockbuster_Movie_56,Drama,4.4,830,105,261
Blockbuster_Movie_57,Drama,4.1,828,93,253
Blockbuster_Movie_58,Sci-Fi,4.4,771,100,164
Blockbuster_Movie_59,Sci-Fi,4.6,855,116,248
Low_Movie_60,Sci-Fi,1.1,191,97,8
Average_Movie_61,Sci-Fi,2.6,337,148,81
Average_Movie_62,Sci-Fi,3.3,622,117,84
Low_Movie_63,Drama,1.1,287,105,44
Average_Movie_64,Drama,3.4,500,131,103
Blockbuster_Movie_65,Comedy,4.9,890,130,270
Blockbuster_Movie_66,Action,4.5,863,113,291
Average_Movie_67,Sci-Fi,2.7,409,112,71
Low_Movie_68,Drama,1.9,134,113,33
Average_Movie_69,Drama,2.8,404,131,99
Blockbuster_Movie_70,Horror,4.9,711,148,212
Average_Movie_71,Horror,2.9,527,133,107
Average_Movie_72,Horror,2.8,532,123,136
Blockbuster_Movie_73,Action,4.7,921,112,185
Average_Movie_74,Horror,3.0,455,95,79
Blockbuster_Movie_75,Horror,4.9,727,147,197
Low_Movie_76,Horror,1.7,70,126,5
Low_Movie_77,Sci-Fi,1.3,286,96,39
Average_Movie_78,Sci-Fi,3.5,698,134,55
Low_Movie_79,Action,2.1,292,140,34
Blockbuster_Movie_80,Comedy,4.8,827,113,183
Average_Movie_81,Sci-Fi,2.6,505,124,73
Blockbuster_Movie_82,Horror,4.9,771,125,286
Average_Movie_83,Drama,3.2,492,132,87
Average_Movie_84,Drama,2.8,473,114,75
Blockbuster_Movie_85,Action,4.8,923,104,252
Low_Movie_86,Drama,1.7,70,116,26
Blockbuster_Movie_87,Comedy,5.0,712,121,283
Blockbuster_Movie_88,Action,4.3,908,99,161
Average_Movie_89,Action,2.8,698,113,119
Low_Movie_90,Horror,1.4,287,117,44
Blockbuster_Movie_91,Drama,4.3,756,111,219
Blockbuster_Movie_92,Action,5.0,995,122,254
Blockbuster_Movie_93,Sci-Fi,4.8,905,144,174
Average_Movie_94,Drama,3.4,590,115,111
Low_Movie_95,Action,1.1,56,138,19
Low_Movie_96,Sci-Fi,1.9,145,140,48
Blockbuster_Movie_97,Horror,4.5,824,93,191
Blockbuster_Movie_98,Sci-Fi,4.5,924,125,286
Blockbuster_Movie_99,Action,4.8,813,102,186
Low_Movie_100,Drama,1.4,101,135,44
Low_Movie_101,Comedy,1.2,217,136,26
Average_Movie_102,Action,3.4,520,142,106
Blockbuster_Movie_103,Drama,4.1,708,127,263
Low_Movie_104,Drama,1.3,84,111,1
Average_Movie_105,Action,2.9,474,110,140
Low_Movie_106,Horror,1.6,205,146,43
Average_Movie_107,Drama,3.4,496,117,75
Average_Movie_108,Comedy,3.0,431,104,113
Low_Movie_109,Horror,1.2,82,98,8
Blockbuster_Movie_110,Drama,4.9,842,100,250
Low_Movie_111,Sci-Fi,1.1,92,100,14
Average_Movie_112,Drama,2.6,484,111,70
Blockbuster_Movie_113,Comedy,4.3,727,131,222
Low_Movie_114,Comedy,1.6,50,95,43
Blockbuster_Movie_115,Horror,5.0,860,104,288
Low_Movie_116,Comedy,1.8,230,98,4
Low_Movie_117,Drama,2.0,261,91,37
Average_Movie_118,Horror,2.9,458,134,60
Average_Movie_119,Action,3.1,636,122,58
Blockbuster_Movie_120,Drama,4.3,842,128,203
Low_Movie_121,Horror,1.9,234,125,28
Low_Movie_122,Comedy,1.6,134,126,45
Low_Movie_123,Horror,2.5,201,96,12
Average_Movie_124,Comedy,2.7,414,143,67
Low_Movie_125,Horror,1.0,224,143,49
Low_Movie_126,Comedy,2.3,254,100,13
Average_Movie_127,Horror,3.4,522,106,107
Blockbuster_Movie_128,Action,4.2,797,120,213
Low_Movie_129,Horror,2.1,241,120,5
Blockbuster_Movie_130,Drama,4.5,715,98,200
Average_Movie_131,Action,2.8,623,130,75
Blockbuster_Movie_132,Action,4.6,841,110,211
Blockbuster_Movie_133,Action,4.8,989,133,168
Average_Movie_134,Sci-Fi,2.7,326,124,124
Low_Movie_135,Sci-Fi,2.2,100,99,9
Low_Movie_136,Action,2.0,180,142,18
Average_Movie_137,Action,3.3,475,117,87
Low_Movie_138,Drama,1.7,194,113,18
Average_Movie_139,Comedy,2.6,391,115,104
Low_Movie_140,Action,2.1,223,142,9
Average_Movie_141,Sci-Fi,3.4,615,108,65
Low_Movie_142,Comedy,2.1,58,135,28
Average_Movie_143,Horror,2.8,628,140,61
Low_Movie_144,Drama,2.2,87,133,12
Low_Movie_145,Sci-Fi,2.0,223,105,27
Low_Movie_146,Drama,2.4,135,115,12
Average_Movie_147,Action,3.1,664,96,63
Low_Movie_148,Sci-Fi,2.1,198,145,6
Blockbuster_Movie_149,Comedy,4.7,745,126,236
Blockbuster_Movie_150,Sci-Fi,4.1,952,97,286
Blockbuster_Movie_151,Comedy,4.2,755,109,275
Low_Movie_152,Sci-Fi,1.6,63,138,17
Average_Movie_153,Drama,2.8,459,145,103
Low_Movie_154,Horror,1.5,234,103,23
Low_Movie_155,Action,1.2,94,115,25
Blockbuster_Movie_156,Action,4.8,783,102,183
Low_Movie_157,Sci-Fi,2.5,164,141,28
Blockbuster_Movie_158,Comedy,4.3,792,115,209
Average_Movie_159,Comedy,2.7,376,118,53
Average_Movie_160,Action,2.8,585,122,102
Average_Movie_161,Comedy,3.0,606,110,60
Average_Movie_162,Horror,2.8,557,91,90
Average_Movie_163,Comedy,3.4,463,105,105
Low_Movie_164,Action,1.0,76,100,40
Low_Movie_165,Comedy,2.1,251,126,49
Blockbuster_Movie_166,Drama,4.1,821,95,198
Low_Movie_167,Sci-Fi,2.1,262,142,7
Average_Movie_168,Drama,3.4,626,105,84
Low_Movie_169,Action,1.9,117,114,31
Average_Movie_170,Action,3.4,387,136,147
Average_Movie_171,Drama,3.1,694,100,97
Low_Movie_172,Action,1.8,235,114,35
Average_Movie_173,Drama,3.1,468,144,63
Low_Movie_174,Action,2.0,255,138,26
Average_Movie_175,Sci-Fi,2.6,462,133,99
Average_Movie_176,Drama,2.6,405,133,76
Blockbuster_Movie_177,Horror,4.7,752,115,287
Average_Movie_178,Comedy,3.0,318,134,66
Blockbuster_Movie_179,Horror,4.6,773,107,208
Blockbuster_Movie_180,Sci-Fi,4.7,883,113,292
Blockbuster_Movie_181,Action,4.3,861,140,174
Average_Movie_182,Action,3.5,361,118,112
Blockbuster_Movie_183,Action,4.4,823,125,255
Low_Movie_184,Drama,1.1,69,148,1
Low_Movie_185,Action,1.5,251,137,48
Low_Movie_186,Sci-Fi,1.8,71,135,47
Blockbuster_Movie_187,Action,4.7,907,104,277
Low_Movie_188,Action,2.0,62,92,33
Low_Movie_189,Action,1.8,168,97,16
Low_Movie_190,Horror,2.4,292,118,47
Low_Movie_191,Comedy,1.7,180,129,32
Blockbuster_Movie_192,Horror,4.1,908,133,200
Low_Movie_193,Drama,1.5,184,109,39
Blockbuster_Movie_194,Drama,4.9,884,91,184
Average_Movie_195,Comedy,2.5,649,146,102
Low_Movie_196,Sci-Fi,2.5,137,114,38
Blockbuster_Movie_197,Horror,4.6,781,95,209
Blockbuster_Movie_198,Drama,4.7,701,107,220
Average_Movie_199,Action,2.7,316,149,51
Low_Movie_200,Sci-Fi,1.6,219,146,11
Blockbuster_Movie_201,Comedy,4.1,825,146,281
Average_Movie_202,Horror,3.1,366,103,149
Blockbuster_Movie_203,Drama,4.6,882,103,226
Blockbuster_Movie_204,Sci-Fi,4.2,755,111,266
Average_Movie_205,Sci-Fi,3.5,653,149,142
Low_Movie_206,Comedy,1.6,239,99,35
Average_Movie_207,Sci-Fi,3.1,599,143,53
Average_Movie_208,Comedy,3.0,456,118,77
Blockbuster_Movie_209,Comedy,4.9,710,145,199
Low_Movie_210,Drama,1.4,113,131,1
Average_Movie_211,Action,2.6,388,94,118
Average_Movie_212,Drama,3.0,492,139,109
Low_Movie_213,Horror,2.3,233,142,26
Blockbuster_Movie_214,Sci-Fi,4.2,748,104,200
Average_Movie_215,Sci-Fi,2.6,579,142,68
Average_Movie_216,Sci-Fi,3.0,651,139,50
Average_Movie_217,Horror,3.4,300,135,105
Low_Movie_218,Drama,1.3,71,123,16
Blockbuster_Movie_219,Drama,4.8,732,122,264
Low_Movie_220,Horror,1.6,94,137,37
Average_Movie_221,Action,3.4,366,132,127
Average_Movie_222,Sci-Fi,3.1,318,148,137
Low_Movie_223,Comedy,1.2,239,91,2
Low_Movie_224,Action,2.0,161,149,14
Low_Movie_225,Horror,1.7,90,131,39
Average_Movie_226,Horror,3.3,392,142,63
Blockbuster_Movie_227,Action,4.9,825,113,245
Blockbuster_Movie_228,Sci-Fi,5.0,822,103,284
Low_Movie_229,Comedy,1.0,212,141,19
Average_Movie_230,Drama,2.7,336,117,65
Low_Movie_231,Comedy,1.9,82,145,2
Average_Movie_232,Horror,3.0,300,126,109
Blockbuster_Movie_233,Sci-Fi,4.2,847,124,159
Average_Movie_234,Drama,3.3,424,90,95
Average_Movie_235,Sci-Fi,2.9,491,107,110
Blockbuster_Movie_236,Action,4.9,933,118,155
Blockbuster_Movie_237,Horror,4.1,871,118,152
Blockbuster_Movie_238,Action,4.6,702,121,198
Blockbuster_Movie_239,Drama,4.4,709,113,161
Average_Movie_240,Horror,3.1,575,102,130
Blockbuster_Movie_241,Action,5.0,737,125,284
Low_Movie_242,Horror,1.9,124,146,46
Average_Movie_243,Horror,3.3,544,129,98
Average_Movie_244,Drama,3.3,480,121,114
Average_Movie_245,Sci-Fi,2.6,324,99,74
Low_Movie_246,Sci-Fi,1.3,293,100,17
Low_Movie_247,Sci-Fi,1.1,90,129,2
Blockbuster_Movie_248,Action,4.5,724,103,210
Low_Movie_249,Horror,1.7,267,134,36
Blockbuster_Movie_250,Action,4.3,811,92,298
Low_Movie_251,Drama,1.9,159,119,36
Low_Movie_252,Sci-Fi,2.4,155,125,14
Low_Movie_253,Horror,1.9,207,97,36
Average_Movie_254,Sci-Fi,2.7,395,100,147
Average_Movie_255,Action,3.0,398,116,137
Average_Movie_256,Comedy,2.6,560,113,81
Blockbuster_Movie_257,Comedy,4.0,876,113,239
Average_Movie_258,Action,2.6,367,110,101
Blockbuster_Movie_259,Horror,4.4,876,105,292
Blockbuster_Movie_260,Horror,4.6,807,136,230
Low_Movie_261,Drama,2.3,101,106,6
Blockbuster_Movie_262,Sci-Fi,4.5,980,97,155
Blockbuster_Movie_263,Horror,4.1,730,131,237
Blockbuster_Movie_264,Sci-Fi,4.5,905,109,152
Blockbuster_Movie_265,Horror,4.6,776,110,228
Low_Movie_266,Drama,1.0,126,102,35
Blockbuster_Movie_267,Drama,4.1,901,142,216
Blockbuster_Movie_268,Action,4.8,983,119,252
Average_Movie_269,Horror,3.4,528,145,53
Blockbuster_Movie_270,Action,4.6,982,130,274
Average_Movie_271,Action,2.8,363,109,110
Blockbuster_Movie_272,Comedy,5.0,925,107,163
Average_Movie_273,Drama,2.9,430,138,116
Blockbuster_Movie_274,Action,4.8,830,97,272
Blockbuster_Movie_275,Horror,4.3,809,131,209
Blockbuster_Movie_276,Drama,4.4,771,103,205
Low_Movie_277,Comedy,1.9,217,117,31
Blockbuster_Movie_278,Drama,4.9,855,91,221
Blockbuster_Movie_279,Comedy,4.4,819,122,237
Low_Movie_280,Comedy,2.2,229,91,47
Low_Movie_281,Comedy,2.3,67,129,47
Low_Movie_282,Horror,1.3,169,99,10
Blockbuster_Movie_283,Drama,4.3,792,122,270
Average_Movie_284,Comedy,3.2,409,97,91
Low_Movie_285,Action,2.0,95,132,26
Average_Movie_286,Action,2.7,667,95,92
Blockbuster_Movie_287,Horror,4.6,985,139,240
Blockbuster_Movie_288,Drama,4.8,893,111,176
Blockbuster_Movie_289,Horror,4.2,934,139,191
Low_Movie_290,Drama,2.0,73,117,31
Blockbuster_Movie_291,Action,4.2,921,103,279
Average_Movie_292,Drama,2.5,556,122,110
Blockbuster_Movie_293,Comedy,4.4,878,149,224
Low_Movie_294,Action,2.0,151,133,21
Low_Movie_295,Drama,2.5,82,133,6
Low_Movie_296,Action,2.2,116,125,32
Blockbuster_Movie_297,Drama,4.2,806,121,160
Blockbuster_Movie_298,Comedy,4.1,892,125,190
Average_Movie_299,Horror,2.7,482,93,69
Average_Movie_300,Horror,2.9,698,110,94
Average_Movie_301,Drama,3.5,370,102,119
Average_Movie_302,Horror,2.9,628,108,50
Low_Movie_303,Sci-Fi,2.4,108,99,20
Blockbuster_Movie_304,Action,4.8,856,95,243
Blockbuster_Movie_305,Action,4.8,934,92,256
Low_Movie_306,Action,1.4,140,146,5
Blockbuster_Movie_307,Comedy,4.3,819,126,217
Average_Movie_308,Action,3.0,696,102,135
Average_Movie_309,Comedy,3.0,551,121,117
Low_Movie_310,Drama,1.5,70,100,20
Low_Movie_311,Action,1.5,293,139,32
Blockbuster_Movie_312,Sci-Fi,4.9,976,126,223
Low_Movie_313,Sci-Fi,2.4,256,97,33
Average_Movie_314,Horror,3.0,393,136,57
Blockbuster_Movie_315,Sci-Fi,4.9,962,141,191
Low_Movie_316,Comedy,1.9,212,93,8
Average_Movie_317,Action,3.0,323,93,149
Low_Movie_318,Comedy,1.4,85,108,6
Low_Movie_319,Action,2.0,65,149,25
Blockbuster_Movie_320,Drama,4.6,791,121,243
Low_Movie_321,Comedy,2.2,151,111,33
Average_Movie_322,Drama,3.3,593,90,126
Average_Movie_323,Drama,3.0,307,135,75
Low_Movie_324,Sci-Fi,1.9,130,127,41
Average_Movie_325,Comedy,2.6,317,105,87
Low_Movie_326,Drama,1.7,116,97,8
Average_Movie_327,Sci-Fi,3.0,450,117,89
Average_Movie_328,Action,3.4,682,108,128
Average_Movie_329,Horror,2.9,401,92,134
Blockbuster_Movie_330,Action,4.8,848,117,207
Low_Movie_331,Horror,2.3,162,96,44
Blockbuster_Movie_332,Action,4.4,714,134,155
Blockbuster_Movie_333,Drama,4.8,731,120,155
Low_Movie_334,Horror,1.4,137,129,38
Low_Movie_335,Drama,1.3,74,135,33
Average_Movie_336,Action,2.6,505,136,139
Blockbuster_Movie_337,Action,4.4,761,126,168
Blockbuster_Movie_338,Horror,5.0,843,109,284
Low_Movie_339,Horror,2.5,200,134,29
Average_Movie_340,Action,2.6,435,103,142
Low_Movie_341,Horror,1.8,147,106,9
Blockbuster_Movie_342,Drama,4.7,848,149,151
Average_Movie_343,Sci-Fi,3.4,638,105,141
Average_Movie_344,Horror,3.0,636,136,122
Low_Movie_345,Sci-Fi,1.5,238,122,14
Average_Movie_346,Comedy,2.6,574,147,59
Low_Movie_347,Comedy,2.3,233,125,27
Low_Movie_348,Action,1.2,87,124,5
Blockbuster_Movie_349,Sci-Fi,4.2,838,104,151
Low_Movie_350,Comedy,2.5,74,138,20
Blockbuster_Movie_351,Action,4.6,919,101,242
Blockbuster_Movie_352,Horror,4.5,857,140,277
Blockbuster_Movie_353,Comedy,4.0,924,130,263
Low_Movie_354,Sci-Fi,1.5,269,112,49
Average_Movie_355,Sci-Fi,3.4,537,114,89
Average_Movie_356,Horror,3.1,442,95,129
Blockbuster_Movie_357,Horror,4.6,719,123,236
Average_Movie_358,Comedy,3.0,539,91,110
Blockbuster_Movie_359,Drama,4.6,744,134,254
Average_Movie_360,Action,2.7,630,112,102
Low_Movie_361,Comedy,1.4,142,138,4
Blockbuster_Movie_362,Comedy,4.9,892,128,213
Low_Movie_363,Sci-Fi,1.6,259,124,19
Blockbuster_Movie_364,Sci-Fi,4.6,993,132,174
Average_Movie_365,Drama,3.0,419,105,144
Low_Movie_366,Sci-Fi,1.6,165,116,24
Average_Movie_367,Action,3.1,319,144,140
Average_Movie_368,Horror,2.6,390,113,63
Blockbuster_Movie_369,Horror,5.0,720,106,158
Low_Movie_370,Drama,1.4,276,106,13
Blockbuster_Movie_371,Horror,4.8,719,92,223
Average_Movie_372,Drama,3.4,355,114,103
Low_Movie_373,Horror,2.4,190,93,46
Average_Movie_374,Drama,3.2,692,129,75
Blockbuster_Movie_375,Action,4.6,839,126,295
Blockbuster_Movie_376,Action,4.1,745,105,183
Blockbuster_Movie_377,Action,5.0,768,122,210
Blockbuster_Movie_378,Sci-Fi,4.6,767,115,277
Average_Movie_379,Comedy,3.2,386,141,59
Blockbuster_Movie_380,Comedy,4.7,787,96,268
Average_Movie_381,Sci-Fi,3.5,617,110,99
Average_Movie_382,Sci-Fi,2.8,602,102,101
Low_Movie_383,Drama,2.3,267,117,12
Average_Movie_384,Horror,3.1,521,110,59
Blockbuster_Movie_385,Comedy,4.4,939,117,205
Average_Movie_386,Horror,2.6,476,101,69
Blockbuster_Movie_387,Drama,4.6,890,113,269
Average_Movie_388,Sci-Fi,2.9,523,126,66
Low_Movie_389,Sci-Fi,2.3,92,125,25
Low_Movie_390,Action,1.5,249,141,48
Low_Movie_391,Sci-Fi,1.8,291,149,21
Average_Movie_392,Comedy,3.1,366,115,138
Blockbuster_Movie_393,Sci-Fi,4.6,858,143,257
Low_Movie_394,Comedy,1.3,264,122,41
Blockbuster_Movie_395,Drama,4.5,946,111,218
Average_Movie_396,Drama,3.3,434,132,67
Average_Movie_397,Drama,3.2,468,134,140
Average_Movie_398,Horror,3.1,474,134,107
Low_Movie_399,Drama,2.3,113,134,2
Average_Movie_400,Horror,2.8,301,100,118
Blockbuster_Movie_401,Action,4.8,783,131,246
Low_Movie_402,Horror,1.5,103,108,2
Average_Movie_403,Drama,3.4,393,93,130
Low_Movie_404,Horror,2.4,217,96,28
Blockbuster_Movie_405,Horror,4.5,814,96,296
Blockbuster_Movie_406,Action,4.0,921,106,287
Low_Movie_407,Sci-Fi,2.5,256,140,35
Low_Movie_408,Comedy,1.9,189,121,31
Low_Movie_409,Action,1.7,104,94,6
Average_Movie_410,Sci-Fi,2.5,526,139,78
Low_Movie_411,Horror,1.3,232,93,30
Average_Movie_412,Sci-Fi,3.2,537,101,139
Average_Movie_413,Drama,3.3,313,149,108
Blockbuster_Movie_414,Action,4.5,719,125,274
Blockbuster_Movie_415,Action,4.1,972,139,250
Blockbuster_Movie_416,Action,4.7,724,117,286
Low_Movie_417,Horror,2.3,160,127,30
Blockbuster_Movie_418,Horror,4.7,771,96,226
Blockbuster_Movie_419,Action,5.0,778,118,190
Blockbuster_Movie_420,Sci-Fi,4.3,822,90,283
Average_Movie_421,Sci-Fi,2.5,356,148,77
Blockbuster_Movie_422,Action,4.5,758,106,241
Blockbuster_Movie_423,Horror,4.5,956,139,157
Blockbuster_Movie_424,Comedy,4.3,940,120,235
Average_Movie_425,Sci-Fi,3.4,458,127,58
Low_Movie_426,Comedy,2.3,193,130,2
Low_Movie_427,Horror,1.2,118,115,20
Blockbuster_Movie_428,Horror,4.7,882,139,196
Average_Movie_429,Action,3.2,645,133,50
Low_Movie_430,Horror,2.3,114,138,33
Average_Movie_431,Horror,2.6,538,144,104
Average_Movie_432,Drama,2.8,599,128,91
Average_Movie_433,Action,3.4,539,98,100
Blockbuster_Movie_434,Sci-Fi,4.2,751,134,245
Average_Movie_435,Horror,3.3,696,131,132
Low_Movie_436,Action,1.7,71,144,20
Low_Movie_437,Comedy,1.5,232,140,32
Average_Movie_438,Horror,2.9,331,141,104
Average_Movie_439,Comedy,2.9,480,135,107
Average_Movie_440,Drama,2.9,310,121,89
Blockbuster_Movie_441,Comedy,4.6,713,146,264
Blockbuster_Movie_442,Comedy,4.5,813,113,151
Average_Movie_443,Horror,3.1,340,121,134
Average_Movie_444,Comedy,3.0,575,119,64
Low_Movie_445,Comedy,2.4,146,91,2
Average_Movie_446,Drama,2.9,425,119,64
Blockbuster_Movie_447,Horror,4.8,811,118,206
Average_Movie_448,Horror,3.3,693,147,78
Blockbuster_Movie_449,Action,4.4,802,99,231
Blockbuster_Movie_450,Drama,4.5,928,116,275
Average_Movie_451,Horror,2.8,377,110,55
Blockbuster_Movie_452,Sci-Fi,5.0,867,124,202
Low_Movie_453,Comedy,1.2,254,136,11
Average_Movie_454,Sci-Fi,3.1,527,102,112
Blockbuster_Movie_455,Sci-Fi,4.5,862,147,184
Average_Movie_456,Comedy,3.2,513,97,136
Low_Movie_457,Horror,1.2,248,142,14
Average_Movie_458,Drama,2.6,485,119,148
Average_Movie_459,Action,3.0,525,126,94
Low_Movie_460,Comedy,1.9,266,114,49
Low_Movie_461,Action,2.1,193,102,47
Blockbuster_Movie_462,Comedy,4.4,954,93,283
Low_Movie_463,Drama,1.0,292,134,11
Average_Movie_464,Sci-Fi,3.2,589,98,119
Average_Movie_465,Comedy,2.8,593,137,102
Low_Movie_466,Comedy,1.3,298,90,5
Blockbuster_Movie_467,Sci-Fi,4.3,889,90,160
Blockbuster_Movie_468,Action,4.8,953,95,242
Average_Movie_469,Comedy,2.6,463,93,90
Low_Movie_470,Comedy,1.9,194,90,35
Low_Movie_471,Horror,2.3,220,140,6
Average_Movie_472,Horror,2.6,329,107,90
Average_Movie_473,Comedy,2.8,621,114,142
Average_Movie_474,Sci-Fi,2.8,490,128,72
Blockbuster_Movie_475,Action,4.6,807,97,247
Low_Movie_476,Horror,1.8,162,127,29
Average_Movie_477,Horror,2.7,585,138,132
Blockbuster_Movie_478,Drama,4.9,916,99,210
Average_Movie_479,Action,3.3,588,114,77
Low_Movie_480,Action,1.3,245,125,36
Low_Movie_481,Sci-Fi,1.9,166,146,17
Low_Movie_482,Horror,2.2,82,141,28
Average_Movie_483,Horror,3.4,473,112,140
Low_Movie_484,Comedy,1.1,221,113,25
Blockbuster_Movie_485,Sci-Fi,4.7,701,132,175
Blockbuster_Movie_486,Action,5.0,928,132,292
Blockbuster_Movie_487,Horror,4.5,890,96,299
Blockbuster_Movie_488,Action,4.5,733,136,245
Low_Movie_489,Action,2.2,154,141,41
Blockbuster_Movie_490,Sci-Fi,4.9,919,137,247
Blockbuster_Movie_491,Horror,4.3,740,134,247
Average_Movie_492,Horror,3.1,458,101,121
Blockbuster_Movie_493,Drama,4.3,810,96,158
Blockbuster_Movie_494,Drama,4.3,950,112,152
Average_Movie_495,Action,3.2,679,134,53
Average_Movie_496,Drama,2.8,589,92,137
Average_Movie_497,Horror,3.3,481,103,76
Average_Movie_498,Action,3.4,530,112,57
Average_Movie_499,Drama,2.7,474,110,83
Low_Movie_500,Horror,1.5,142,107,1
Blockbuster_Movie_501,Action,5.0,954,143,153
Low_Movie_502,Comedy,2.2,164,108,20
Blockbuster_Movie_503,Horror,4.2,773,134,222
Average_Movie_504,Horror,3.1,696,121,73
Average_Movie_505,Drama,3.1,524,102,127
Low_Movie_506,Comedy,1.2,205,124,39
Blockbuster_Movie_507,Comedy,4.8,890,130,208
Blockbuster_Movie_508,Action,4.3,975,118,193
Average_Movie_509,Comedy,2.6,358,127,50
Average_Movie_510,Drama,2.9,420,111,126
Blockbuster_Movie_511,Drama,5.0,886,135,289
Average_Movie_512,Horror,2.9,317,116,66
Blockbuster_Movie_513,Comedy,4.0,953,137,297
Low_Movie_514,Comedy,1.4,290,147,10
Average_Movie_515,Drama,3.0,387,145,95
Average_Movie_516,Action,2.5,631,111,123
Low_Movie_517,Drama,1.6,288,113,48
Average_Movie_518,Comedy,3.2,398,129,114
Average_Movie_519,Sci-Fi,3.3,499,90,51
Average_Movie_520,Comedy,3.3,318,100,130
Average_Movie_521,Drama,2.9,311,129,98
Blockbuster_Movie_522,Action,4.2,997,119,293
Blockbuster_Movie_523,Comedy,4.5,890,91,163
Blockbuster_Movie_524,Sci-Fi,4.4,782,149,243
Blockbuster_Movie_525,Sci-Fi,4.4,896,101,186
Low_Movie_526,Action,1.8,105,92,2
Average_Movie_527,Comedy,3.4,412,124,145
Low_Movie_528,Drama,1.6,131,98,42
Blockbuster_Movie_529,Horror,4.4,934,119,221
Blockbuster_Movie_530,Horror,4.6,755,141,199
Average_Movie_531,Comedy,2.6,327,120,144
Low_Movie_532,Drama,2.2,258,131,17
Low_Movie_533,Sci-Fi,1.8,165,107,3
Blockbuster_Movie_534,Horror,4.4,864,125,229
Average_Movie_535,Sci-Fi,2.9,589,102,70
Blockbuster_Movie_536,Horror,4.4,964,101,157
Average_Movie_537,Drama,3.2,556,135,91
Average_Movie_538,Action,3.4,627,106,75
Average_Movie_539,Sci-Fi,2.8,699,103,90
Average_Movie_540,Drama,3.1,564,122,57
Low_Movie_541,Action,1.4,179,127,14
Blockbuster_Movie_542,Action,4.6,788,135,257
Blockbuster_Movie_543,Drama,4.7,751,116,295
Low_Movie_544,Sci-Fi,2.1,165,131,46
Average_Movie_545,Horror,2.8,312,98,55
Blockbuster_Movie_546,Action,4.9,910,123,259
Blockbuster_Movie_547,Drama,4.4,748,134,267
Blockbuster_Movie_548,Drama,4.0,951,132,151
Blockbuster_Movie_549,Action,4.1,867,132,225
Blockbuster_Movie_550,Sci-Fi,4.5,828,118,196
Average_Movie_551,Horror,3.1,458,141,63
Low_Movie_552,Sci-Fi,1.5,122,130,43
Low_Movie_553,Comedy,1.5,283,148,42
Average_Movie_554,Sci-Fi,2.7,365,91,68
Low_Movie_555,Horror,1.3,152,115,46
Average_Movie_556,Action,3.1,398,95,85
Low_Movie_557,Action,2.0,68,112,11
Blockbuster_Movie_558,Sci-Fi,4.8,920,136,167
Blockbuster_Movie_559,Sci-Fi,4.3,982,90,287
Average_Movie_560,Sci-Fi,2.7,688,114,61
Average_Movie_561,Comedy,3.2,469,113,84
Low_Movie_562,Drama,1.3,170,107,14
Average_Movie_563,Horror,3.5,541,94,57
Low_Movie_564,Drama,1.6,223,95,23
Average_Movie_565,Action,3.1,581,123,87
Blockbuster_Movie_566,Drama,4.7,875,104,228
Blockbuster_Movie_567,Comedy,4.2,735,126,217
Average_Movie_568,Action,3.4,302,127,127
Blockbuster_Movie_569,Horror,4.4,704,105,237
Low_Movie_570,Action,2.4,149,101,42
Average_Movie_571,Action,2.5,473,134,59
Low_Movie_572,Horror,1.4,158,90,36
Blockbuster_Movie_573,Action,4.5,901,102,255
Blockbuster_Movie_574,Action,4.9,921,104,152
Average_Movie_575,Comedy,2.8,399,117,56
Average_Movie_576,Drama,3.1,569,147,58
Average_Movie_577,Comedy,3.3,629,122,143
Average_Movie_578,Drama,3.0,401,107,148
Blockbuster_Movie_579,Horror,4.9,875,106,230
Blockbuster_Movie_580,Sci-Fi,4.9,899,117,268
Average_Movie_581,Horror,2.7,582,116,92
Low_Movie_582,Comedy,2.4,66,107,41
Average_Movie_583,Horror,2.5,420,93,100
Low_Movie_584,Sci-Fi,1.4,228,114,1
Blockbuster_Movie_585,Sci-Fi,4.1,755,142,249
Low_Movie_586,Horror,2.0,77,108,15
Low_Movie_587,Horror,1.8,183,111,18
Blockbuster_Movie_588,Drama,4.8,764,137,271
Blockbuster_Movie_589,Action,4.5,982,96,281
Average_Movie_590,Drama,3.1,501,141,69
Low_Movie_591,Action,2.3,264,116,37
Blockbuster_Movie_592,Sci-Fi,4.5,823,113,258
Blockbuster_Movie_593,Action,4.7,958,137,229
Average_Movie_594,Drama,2.5,366,104,139
Low_Movie_595,Comedy,1.2,105,126,26
Average_Movie_596,Action,2.7,683,123,111
Average_Movie_597,Sci-Fi,3.4,571,135,91
Average_Movie_598,Sci-Fi,2.8,518,91,107
Blockbuster_Movie_599,Action,4.5,979,148,215
Low_Movie_600,Sci-Fi,1.2,241,136,34
Blockbuster_Movie_601,Sci-Fi,4.0,937,118,160
Blockbuster_Movie_602,Action,4.2,914,133,282
Blockbuster_Movie_603,Action,4.5,962,97,180
Low_Movie_604,Comedy,1.7,95,142,42
Low_Movie_605,Drama,1.1,146,144,40
Average_Movie_606,Horror,3.0,372,140,124
Blockbuster_Movie_607,Horror,5.0,835,149,227
Blockbuster_Movie_608,Comedy,4.6,796,111,183
Low_Movie_609,Comedy,1.6,166,129,36
Low_Movie_610,Horror,1.6,257,112,42
Average_Movie_611,Drama,3.3,519,135,56
Average_Movie_612,Action,3.3,600,121,130
Low_Movie_613,Action,2.0,205,100,37
Low_Movie_614,Comedy,2.3,237,135,45
Blockbuster_Movie_615,Drama,4.7,966,127,236
Average_Movie_616,Action,2.9,585,125,88
Blockbuster_Movie_617,Action,4.2,827,120,286
Average_Movie_618,Action,3.2,453,129,132
Average_Movie_619,Action,3.2,405,128,143
Average_Movie_620,Horror,2.8,376,103,119
Low_Movie_621,Horror,1.4,215,136,40
Average_Movie_622,Sci-Fi,3.2,447,91,93
Blockbuster_Movie_623,Action,4.9,947,141,244
Average_Movie_624,Drama,3.4,430,149,140
Average_Movie_625,Comedy,3.2,625,148,120
Low_Movie_626,Comedy,2.4,250,90,34
Low_Movie_627,Comedy,1.9,126,147,16
Low_Movie_628,Sci-Fi,2.3,151,94,1
Low_Movie_629,Horror,1.0,54,132,45
Low_Movie_630,Sci-Fi,2.3,204,127,28
Blockbuster_Movie_631,Comedy,4.6,874,135,298
Average_Movie_632,Comedy,3.2,455,125,72
Average_Movie_633,Sci-Fi,2.9,547,118,113
Average_Movie_634,Comedy,3.1,621,125,121
Low_Movie_635,Comedy,2.2,140,96,43
Blockbuster_Movie_636,Drama,4.6,716,148,246
Average_Movie_637,Horror,2.7,554,100,109
Average_Movie_638,Horror,3.0,567,100,133
Average_Movie_639,Horror,3.3,543,140,119
Average_Movie_640,Drama,3.4,555,142,145
Blockbuster_Movie_641,Horror,4.8,892,134,161
Low_Movie_642,Horror,1.1,57,95,21
Low_Movie_643,Comedy,2.3,214,141,11
Blockbuster_Movie_644,Sci-Fi,4.8,965,102,168
Average_Movie_645,Sci-Fi,3.2,541,146,111
Average_Movie_646,Action,2.6,439,113,93
Average_Movie_647,Horror,3.4,334,94,88
Average_Movie_648,Horror,2.7,487,96,76
Low_Movie_649,Horror,1.2,293,148,38
Low_Movie_650,Horror,2.2,131,103,15
Average_Movie_651,Sci-Fi,2.8,442,93,117
Average_Movie_652,Drama,3.3,358,141,84
Low_Movie_653,Drama,1.5,190,98,40
Average_Movie_654,Action,2.8,301,142,67
Low_Movie_655,Drama,2.5,148,106,36
Blockbuster_Movie_656,Action,4.2,804,149,232
Low_Movie_657,Action,1.3,61,123,7
Average_Movie_658,Horror,2.7,495,119,124
Average_Movie_659,Horror,3.3,444,114,135
Low_Movie_660,Sci-Fi,2.1,81,147,10
Average_Movie_661,Horror,3.1,531,128,98
Low_Movie_662,Horror,2.4,235,97,14
Blockbuster_Movie_663,Sci-Fi,4.3,765,139,177
Average_Movie_664,Comedy,3.5,528,112,64
Average_Movie_665,Sci-Fi,2.9,334,140,105
Average_Movie_666,Horror,3.5,310,121,75
Low_Movie_667,Action,1.9,237,126,31
Blockbuster_Movie_668,Drama,4.2,779,101,233
Average_Movie_669,Comedy,3.4,677,145,110
Blockbuster_Movie_670,Drama,4.5,839,99,264
Average_Movie_671,Sci-Fi,2.9,538,136,149
Average_Movie_672,Action,3.3,368,102,53
Low_Movie_673,Horror,1.9,277,120,25
Average_Movie_674,Comedy,3.1,475,99,133
Low_Movie_675,Action,1.7,109,133,3
Blockbuster_Movie_676,Drama,4.2,976,126,254
Average_Movie_677,Drama,2.6,527,102,115
Blockbuster_Movie_678,Sci-Fi,4.9,950,111,289
Blockbuster_Movie_679,Comedy,4.8,857,104,266
Blockbuster_Movie_680,Comedy,4.3,788,128,156
Blockbuster_Movie_681,Sci-Fi,4.7,757,127,194
Low_Movie_682,Sci-Fi,1.8,137,110,45
Average_Movie_683,Drama,3.2,582,149,112
Low_Movie_684,Action,1.2,128,95,42
Low_Movie_685,Comedy,2.5,284,101,23
Blockbuster_Movie_686,Sci-Fi,4.2,913,110,190
Blockbuster_Movie_687,Action,4.9,756,93,150
Average_Movie_688,Comedy,3.1,409,107,67
Average_Movie_689,Horror,3.4,613,141,96
Average_Movie_690,Horror,3.2,642,135,85
Low_Movie_691,Comedy,1.4,76,133,22
Average_Movie_692,Sci-Fi,3.1,645,100,132
Blockbuster_Movie_693,Action,4.1,904,98,292
Blockbuster_Movie_694,Horror,4.6,817,92,203
Low_Movie_695,Comedy,1.0,195,142,6
Average_Movie_696,Sci-Fi,3.1,677,105,58
Average_Movie_697,Sci-Fi,3.1,485,148,61
Blockbuster_Movie_698,Comedy,4.1,878,91,260
Low_Movie_699,Horror,1.3,191,146,15
Average_Movie_700,Drama,3.3,312,104,128
Low_Movie_701,Sci-Fi,1.2,56,103,26
Low_Movie_702,Action,1.9,84,143,34
Average_Movie_703,Action,3.0,440,138,86
Average_Movie_704,Comedy,2.7,333,118,96
Average_Movie_705,Sci-Fi,2.7,355,135,107
Blockbuster_Movie_706,Drama,4.3,761,130,152
Blockbuster_Movie_707,Comedy,4.4,880,108,290
Average_Movie_708,Horror,3.5,524,94,121
Low_Movie_709,Comedy,1.8,243,131,3
Low_Movie_710,Sci-Fi,1.3,220,92,47
Blockbuster_Movie_711,Sci-Fi,4.4,776,111,165
Average_Movie_712,Horror,3.2,563,113,57
Low_Movie_713,Sci-Fi,1.0,276,103,8
Average_Movie_714,Action,3.1,392,133,100
Low_Movie_715,Drama,1.3,271,144,46
Blockbuster_Movie_716,Sci-Fi,4.6,820,121,262
Blockbuster_Movie_717,Sci-Fi,4.4,919,98,273
Average_Movie_718,Drama,3.0,637,112,93
Average_Movie_719,Comedy,2.7,518,144,77
Low_Movie_720,Horror,1.4,51,147,48
Blockbuster_Movie_721,Action,4.7,803,138,250
Average_Movie_722,Horror,3.3,406,91,149
Low_Movie_723,Drama,1.7,157,101,15
Low_Movie_724,Action,2.3,154,145,25
Average_Movie_725,Action,2.7,467,143,125
Average_Movie_726,Horror,2.9,340,129,51
Average_Movie_727,Action,2.6,393,146,133
Average_Movie_728,Comedy,3.4,670,93,91
Blockbuster_Movie_729,Action,4.0,957,146,259
Low_Movie_730,Drama,1.5,60,113,29
Average_Movie_731,Horror,2.8,583,144,77
Blockbuster_Movie_732,Sci-Fi,4.8,941,103,183
Blockbuster_Movie_733,Sci-Fi,4.1,757,127,157
Average_Movie_734,Sci-Fi,2.8,432,142,116
Blockbuster_Movie_735,Sci-Fi,4.7,845,123,254
Average_Movie_736,Action,2.7,418,122,141
Average_Movie_737,Horror,2.8,463,100,62
Average_Movie_738,Sci-Fi,2.9,578,128,69
Average_Movie_739,Horror,2.8,424,96,62
Low_Movie_740,Sci-Fi,2.2,85,96,27
Low_Movie_741,Drama,2.1,140,106,33
Blockbuster_Movie_742,Comedy,5.0,746,148,298
Blockbuster_Movie_743,Comedy,4.5,891,136,297
Average_Movie_744,Sci-Fi,2.9,432,141,106
Low_Movie_745,Drama,2.0,255,136,28
Low_Movie_746,Action,2.2,60,149,44
Low_Movie_747,Horror,1.3,241,141,13
Low_Movie_748,Horror,1.2,294,140,34
Low_Movie_749,Horror,2.0,198,130,30
Average_Movie_750,Horror,2.9,410,103,126
Average_Movie_751,Sci-Fi,2.7,550,103,124
Average_Movie_752,Action,2.6,542,92,134
Average_Movie_753,Drama,2.7,537,97,91
Blockbuster_Movie_754,Drama,4.6,942,118,276
Blockbuster_Movie_755,Action,4.7,917,128,223
Average_Movie_756,Sci-Fi,2.9,622,99,109
Average_Movie_757,Drama,3.0,635,138,62
Average_Movie_758,Sci-Fi,2.6,585,121,79
Blockbuster_Movie_759,Sci-Fi,4.3,951,124,242
Low_Movie_760,Horror,1.1,281,97,16
Blockbuster_Movie_761,Horror,4.7,866,98,201
Blockbuster_Movie_762,Horror,4.8,975,96,247
Low_Movie_763,Comedy,2.1,244,90,6
Blockbuster_Movie_764,Sci-Fi,4.6,744,138,163
Low_Movie_765,Drama,2.2,274,138,28
Blockbuster_Movie_766,Horror,5.0,767,118,208
Low_Movie_767,Drama,1.1,257,114,48
Low_Movie_768,Action,2.3,165,118,16
Blockbuster_Movie_769,Action,4.5,957,131,238
Low_Movie_770,Horror,2.1,216,124,6
Blockbuster_Movie_771,Comedy,4.8,827,95,299
Blockbuster_Movie_772,Sci-Fi,4.7,930,119,196
Average_Movie_773,Comedy,2.7,390,121,105
Average_Movie_774,Comedy,2.8,411,129,127
Low_Movie_775,Drama,1.8,108,139,32
Low_Movie_776,Horror,1.4,149,129,30
Blockbuster_Movie_777,Comedy,5.0,863,143,170
Low_Movie_778,Comedy,1.7,97,123,35
Low_Movie_779,Action,2.4,55,93,16
Blockbuster_Movie_780,Action,4.7,799,113,251
Low_Movie_781,Drama,1.7,153,105,46
Low_Movie_782,Horror,2.5,144,110,4
Average_Movie_783,Horror,2.7,563,117,149
Blockbuster_Movie_784,Comedy,4.9,835,90,297
Low_Movie_785,Action,1.9,164,117,20
Average_Movie_786,Action,3.2,354,100,69
Low_Movie_787,Horror,1.8,77,107,43
Blockbuster_Movie_788,Horror,4.7,711,131,242
Blockbuster_Movie_789,Comedy,4.0,809,96,164
Average_Movie_790,Horror,3.0,571,98,109
Blockbuster_Movie_791,Action,4.1,745,125,214
Low_Movie_792,Comedy,2.4,238,139,29
Average_Movie_793,Sci-Fi,3.1,631,106,128
Blockbuster_Movie_794,Horror,4.3,996,113,198
Average_Movie_795,Drama,3.0,469,90,149
Blockbuster_Movie_796,Sci-Fi,4.1,935,110,242
Low_Movie_797,Sci-Fi,1.3,191,126,18
Average_Movie_798,Drama,2.6,375,135,95
Blockbuster_Movie_799,Horror,4.8,759,101,216
Blockbuster_Movie_800,Drama,4.5,720,146,182
Blockbuster_Movie_801,Horror,4.4,704,141,187
Low_Movie_802,Sci-Fi,1.9,192,93,10
Average_Movie_803,Sci-Fi,2.8,634,112,104
Low_Movie_804,Horror,1.2,96,113,10
Low_Movie_805,Drama,2.3,288,106,44
Low_Movie_806,Sci-Fi,1.8,65,124,4
Low_Movie_807,Drama,2.3,189,92,48
Blockbuster_Movie_808,Action,4.9,857,109,217
Blockbuster_Movie_809,Action,4.9,995,135,269
Blockbuster_Movie_810,Sci-Fi,4.1,907,92,259
Low_Movie_811,Comedy,1.8,69,130,1
Low_Movie_812,Horror,2.1,153,124,32
Average_Movie_813,Sci-Fi,3.5,316,122,146
Blockbuster_Movie_814,Drama,4.2,715,102,242
Low_Movie_815,Action,1.2,132,116,39
Low_Movie_816,Sci-Fi,2.2,298,142,12
Blockbuster_Movie_817,Comedy,4.6,921,91,241
Average_Movie_818,Horror,3.3,409,112,123
Low_Movie_819,Comedy,1.1,95,143,47
Average_Movie_820,Comedy,2.9,507,98,149
Blockbuster_Movie_821,Sci-Fi,4.1,747,142,292
Blockbuster_Movie_822,Comedy,4.4,806,133,195
Low_Movie_823,Sci-Fi,1.9,284,104,18
Blockbuster_Movie_824,Comedy,4.2,794,94,183
Average_Movie_825,Sci-Fi,3.0,317,109,119
Blockbuster_Movie_826,Action,4.4,758,97,226
Low_Movie_827,Drama,1.5,277,131,3
Blockbuster_Movie_828,Sci-Fi,4.3,824,104,286
Low_Movie_829,Comedy,1.9,285,118,9
Average_Movie_830,Action,3.2,444,105,62
Blockbuster_Movie_831,Drama,4.0,958,143,236
Blockbuster_Movie_832,Action,4.8,828,144,262
Average_Movie_833,Drama,2.7,407,104,69
Blockbuster_Movie_834,Comedy,4.6,876,126,213
Low_Movie_835,Horror,2.1,243,124,36
Blockbuster_Movie_836,Action,4.8,704,130,247
Average_Movie_837,Sci-Fi,3.4,308,143,65
Low_Movie_838,Drama,2.0,219,149,46
Blockbuster_Movie_839,Action,4.3,963,103,157
Average_Movie_840,Sci-Fi,2.8,388,141,63
Blockbuster_Movie_841,Horror,4.2,927,108,264
Low_Movie_842,Drama,1.9,250,113,5
Low_Movie_843,Action,2.3,87,109,8
Blockbuster_Movie_844,Comedy,4.7,918,102,236
Average_Movie_845,Comedy,2.6,382,128,81
Low_Movie_846,Action,1.8,280,139,40
Low_Movie_847,Comedy,2.1,85,128,33
Blockbuster_Movie_848,Horror,4.1,845,104,166
Low_Movie_849,Drama,2.3,125,141,43
Blockbuster_Movie_850,Action,4.9,729,109,277
Average_Movie_851,Comedy,3.1,504,108,61
Low_Movie_852,Comedy,2.3,84,109,47
Low_Movie_853,Action,2.4,128,97,43
Blockbuster_Movie_854,Sci-Fi,4.7,903,142,187
Low_Movie_855,Action,2.1,168,113,42
Low_Movie_856,Action,2.3,187,133,10
Low_Movie_857,Horror,1.9,165,139,41
Low_Movie_858,Action,1.2,259,131,33
Low_Movie_859,Comedy,1.9,126,94,16
Low_Movie_860,Sci-Fi,2.3,108,127,35
Blockbuster_Movie_861,Horror,4.1,993,149,237
Blockbuster_Movie_862,Sci-Fi,4.2,716,121,188
Average_Movie_863,Action,2.7,485,97,53
Average_Movie_864,Action,2.6,458,117,97
Average_Movie_865,Drama,2.9,468,101,128
Average_Movie_866,Horror,3.2,354,92,77
Blockbuster_Movie_867,Sci-Fi,4.7,923,140,196
Low_Movie_868,Action,1.1,101,103,21
Low_Movie_869,Comedy,2.4,260,100,37
Average_Movie_870,Horror,3.4,589,132,73
Blockbuster_Movie_871,Action,4.3,812,133,243
Low_Movie_872,Drama,1.1,298,93,12
Blockbuster_Movie_873,Sci-Fi,4.4,940,116,201
Average_Movie_874,Drama,3.4,609,91,117
Average_Movie_875,Drama,2.5,623,123,82
Blockbuster_Movie_876,Drama,4.9,819,106,279
Average_Movie_877,Horror,3.4,430,97,145
Low_Movie_878,Comedy,1.0,126,104,12
Average_Movie_879,Comedy,3.1,416,112,91
Average_Movie_880,Drama,3.0,432,147,60
Low_Movie_881,Comedy,2.5,128,140,34
Low_Movie_882,Horror,1.2,67,101,45
Blockbuster_Movie_883,Sci-Fi,4.5,723,104,293
Low_Movie_884,Drama,2.3,53,136,26
Low_Movie_885,Horror,1.0,250,126,49
Low_Movie_886,Comedy,2.3,288,116,37
Average_Movie_887,Action,2.7,424,137,100
Blockbuster_Movie_888,Sci-Fi,4.2,864,112,163
Blockbuster_Movie_889,Drama,4.0,782,147,293
Blockbuster_Movie_890,Sci-Fi,4.0,753,146,208
Average_Movie_891,Sci-Fi,3.3,343,112,148
Average_Movie_892,Action,3.3,551,117,113
Low_Movie_893,Action,2.1,256,145,35
Blockbuster_Movie_894,Drama,4.6,901,127,288
Average_Movie_895,Comedy,3.2,520,115,74
Low_Movie_896,Comedy,2.0,191,125,46
Blockbuster_Movie_897,Drama,4.2,841,112,220
Low_Movie_898,Drama,1.6,99,94,21
Blockbuster_Movie_899,Action,4.9,917,95,204
