age,monthly_charge,tenure,support_calls,contract_type,internet_service,payment_method,region,device_type,churn
56,1612,19,6,Monthly,DSL,Credit Card,Urban,Mobile,1
69,777,70,2,Yearly,None,Credit Card,Semi-Urban,Mobile,0
46,1554,13,0,Monthly,DSL,UPI,Urban,Mobile,0
32,1222,23,3,Yearly,DSL,Cash,Urban,Mobile,1
60,719,1,8,Yearly,Fiber,UPI,Urban,Mobile,1
25,456,54,4,Monthly,Fiber,Credit Card,Urban,Laptop,0
38,849,71,0,Yearly,Fiber,Credit Card,Urban,Tablet,0
56,1764,15,4,Yearly,Fiber,UPI,Rural,Tablet,0
36,1420,65,7,Yearly,Fiber,UPI,Semi-Urban,Laptop,1
40,1320,71,7,Monthly,DSL,Cash,Rural,Tablet,1
28,1296,15,4,Yearly,Fiber,UPI,Rural,Tablet,0
28,1734,21,8,Monthly,Fiber,Cash,Semi-Urban,Tablet,1
41,1250,19,0,Monthly,Fiber,Credit Card,Urban,Laptop,0
53,588,60,3,Monthly,Fiber,Auto Debit,Semi-Urban,Laptop,0
57,1577,33,2,Yearly,DSL,Auto Debit,Rural,Tablet,0
41,495,49,1,Yearly,Fiber,Auto Debit,Semi-Urban,Tablet,0
20,897,35,7,Yearly,Fiber,Auto Debit,Semi-Urban,Tablet,1
39,1845,44,6,Yearly,DSL,Credit Card,Urban,Mobile,1
19,816,11,8,Monthly,Fiber,Auto Debit,Rural,Mobile,1
41,1958,66,1,Monthly,None,UPI,Semi-Urban,Mobile,0
61,1164,46,3,Monthly,Fiber,UPI,Rural,Laptop,1
47,1441,9,5,Monthly,None,Auto Debit,Urban,Tablet,1
55,1105,3,2,Monthly,DSL,UPI,Urban,Laptop,1
19,1482,26,7,Monthly,DSL,Cash,Urban,Laptop,1
38,1114,48,2,Monthly,DSL,Credit Card,Semi-Urban,Laptop,0
50,527,66,1,Monthly,Fiber,Auto Debit,Urban,Tablet,0
29,515,70,2,Monthly,DSL,Auto Debit,Urban,Mobile,0
39,1247,28,5,Monthly,DSL,Credit Card,Rural,Tablet,0
61,314,26,1,Yearly,None,UPI,Urban,Tablet,0
42,1480,25,7,Yearly,Fiber,Credit Card,Rural,Laptop,1
66,1971,12,0,Yearly,Fiber,Credit Card,Urban,Laptop,1
44,1584,5,6,Monthly,DSL,UPI,Rural,Laptop,1
59,1480,48,1,Monthly,DSL,Credit Card,Semi-Urban,Mobile,0
45,346,37,9,Yearly,DSL,UPI,Rural,Mobile,0
33,623,44,5,Monthly,Fiber,UPI,Rural,Mobile,1
32,1143,15,1,Monthly,None,Credit Card,Urban,Tablet,0
64,429,43,1,Monthly,Fiber,Cash,Urban,Laptop,0
68,1734,48,9,Monthly,DSL,UPI,Urban,Tablet,1
61,394,70,7,Monthly,Fiber,Credit Card,Semi-Urban,Mobile,1
69,926,46,1,Monthly,DSL,UPI,Rural,Laptop,0
20,1054,43,6,Yearly,DSL,Cash,Urban,Mobile,0
54,1615,21,2,Monthly,Fiber,Cash,Semi-Urban,Laptop,1
68,1093,23,7,Monthly,Fiber,Auto Debit,Urban,Laptop,1
24,1606,47,6,Yearly,DSL,UPI,Rural,Tablet,1
38,368,15,7,Monthly,DSL,UPI,Rural,Tablet,1
26,1983,25,6,Monthly,None,Credit Card,Urban,Mobile,1
56,310,36,5,Yearly,DSL,UPI,Urban,Tablet,0
35,1577,51,6,Monthly,DSL,Auto Debit,Urban,Tablet,1
21,1171,15,4,Monthly,DSL,Cash,Semi-Urban,Tablet,0
42,849,68,6,Monthly,DSL,Cash,Semi-Urban,Laptop,1
31,1457,21,0,Monthly,DSL,Auto Debit,Urban,Tablet,1
67,1011,13,0,Monthly,Fiber,UPI,Urban,Mobile,0
26,322,19,8,Yearly,DSL,UPI,Urban,Laptop,0
43,1114,34,4,Monthly,Fiber,Auto Debit,Semi-Urban,Laptop,0
19,645,68,4,Monthly,Fiber,Credit Card,Semi-Urban,Tablet,0
37,601,52,2,Monthly,Fiber,Cash,Urban,Laptop,0
45,662,27,4,Monthly,Fiber,Auto Debit,Semi-Urban,Mobile,0
64,695,29,2,Yearly,Fiber,Auto Debit,Semi-Urban,Mobile,0
24,517,28,8,Monthly,DSL,UPI,Urban,Laptop,1
61,440,35,8,Monthly,Fiber,Cash,Urban,Tablet,1
25,1939,8,5,Monthly,Fiber,UPI,Semi-Urban,Tablet,1
64,1257,16,0,Monthly,None,Auto Debit,Rural,Laptop,0
52,1533,36,6,Monthly,Fiber,Credit Card,Urban,Mobile,1
31,1284,30,6,Yearly,None,Cash,Urban,Laptop,0
34,1292,18,9,Monthly,Fiber,Auto Debit,Urban,Tablet,1
53,1946,2,9,Monthly,DSL,Auto Debit,Semi-Urban,Tablet,1
67,1939,49,3,Monthly,Fiber,Credit Card,Urban,Laptop,0
57,1127,4,7,Yearly,None,Auto Debit,Urban,Mobile,1
21,982,7,5,Monthly,Fiber,Auto Debit,Semi-Urban,Laptop,1
19,1783,39,3,Yearly,DSL,Cash,Semi-Urban,Mobile,0
23,1303,13,3,Yearly,Fiber,Cash,Urban,Mobile,0
59,655,31,1,Yearly,DSL,Cash,Urban,Laptop,0
21,1307,71,1,Monthly,DSL,UPI,Semi-Urban,Laptop,0
46,1647,63,3,Monthly,Fiber,Credit Card,Urban,Mobile,1
35,1456,56,4,Yearly,DSL,Cash,Urban,Mobile,0
43,1187,42,7,Yearly,Fiber,UPI,Rural,Mobile,1
61,426,61,5,Yearly,DSL,UPI,Urban,Mobile,0
51,1429,42,3,Monthly,Fiber,Credit Card,Semi-Urban,Tablet,0
27,1308,56,6,Monthly,DSL,Credit Card,Rural,Laptop,1
53,903,36,7,Monthly,DSL,Auto Debit,Urban,Mobile,1
31,1701,68,1,Yearly,DSL,UPI,Urban,Laptop,0
48,1313,7,6,Monthly,DSL,Cash,Semi-Urban,Mobile,1
65,350,54,1,Monthly,DSL,Credit Card,Rural,Laptop,0
32,1352,1,1,Yearly,DSL,UPI,Rural,Laptop,0
25,1785,44,7,Monthly,Fiber,Cash,Semi-Urban,Mobile,1
31,1619,45,1,Yearly,DSL,UPI,Urban,Mobile,0
40,1620,47,8,Monthly,Fiber,Credit Card,Semi-Urban,Laptop,1
57,1078,13,0,Monthly,DSL,Auto Debit,Urban,Laptop,0
38,1730,22,8,Monthly,Fiber,UPI,Urban,Laptop,1
33,1113,21,0,Yearly,None,Cash,Urban,Tablet,0
62,1936,9,9,Monthly,Fiber,Credit Card,Urban,Mobile,1
35,1728,26,9,Monthly,DSL,Auto Debit,Semi-Urban,Tablet,1
64,1669,9,1,Yearly,DSL,Cash,Urban,Tablet,0
41,1945,15,5,Monthly,None,Cash,Urban,Mobile,1
43,719,10,5,Monthly,DSL,Cash,Urban,Mobile,1
42,1505,42,0,Monthly,DSL,UPI,Rural,Tablet,1
62,1282,24,6,Monthly,DSL,Credit Card,Semi-Urban,Mobile,1
58,1124,49,7,Yearly,DSL,Cash,Urban,Laptop,0
46,1324,26,1,Monthly,DSL,UPI,Urban,Laptop,0
32,866,37,7,Monthly,Fiber,Credit Card,Urban,Tablet,1
62,670,68,8,Monthly,DSL,Credit Card,Rural,Tablet,1
18,1235,50,5,Yearly,Fiber,UPI,Semi-Urban,Mobile,0
42,960,24,4,Monthly,DSL,UPI,Semi-Urban,Mobile,0
24,1754,19,8,Monthly,DSL,Cash,Semi-Urban,Tablet,1
26,1268,60,8,Monthly,None,Credit Card,Urban,Tablet,1
41,1632,39,0,Monthly,DSL,Auto Debit,Rural,Laptop,1
18,1460,18,2,Monthly,Fiber,UPI,Semi-Urban,Laptop,0
61,501,19,8,Monthly,Fiber,Credit Card,Urban,Mobile,1
25,1759,36,1,Yearly,DSL,Credit Card,Urban,Laptop,0
41,612,55,3,Monthly,None,Cash,Semi-Urban,Mobile,0
28,416,69,3,Yearly,DSL,Auto Debit,Rural,Mobile,0
68,1989,47,1,Yearly,Fiber,Cash,Urban,Mobile,1
34,1236,49,2,Monthly,DSL,Auto Debit,Rural,Laptop,1
25,874,33,2,Monthly,Fiber,Auto Debit,Semi-Urban,Tablet,0
52,543,21,0,Monthly,DSL,UPI,Urban,Tablet,0
52,836,22,5,Yearly,Fiber,Credit Card,Urban,Laptop,1
50,1925,48,7,Monthly,Fiber,Credit Card,Urban,Tablet,0
22,374,37,2,Monthly,None,Credit Card,Semi-Urban,Mobile,0
59,685,15,4,Monthly,None,Auto Debit,Urban,Tablet,0
56,1533,35,0,Yearly,Fiber,Credit Card,Urban,Laptop,0
58,774,71,9,Yearly,Fiber,UPI,Semi-Urban,Tablet,1
45,717,32,6,Monthly,DSL,Auto Debit,Semi-Urban,Mobile,1
24,646,11,9,Yearly,DSL,Auto Debit,Urban,Mobile,1
26,1852,10,0,Monthly,DSL,Auto Debit,Urban,Laptop,1
25,939,57,8,Monthly,DSL,Auto Debit,Urban,Laptop,1
29,1238,25,7,Yearly,DSL,UPI,Semi-Urban,Laptop,0
51,1254,2,6,Monthly,Fiber,Credit Card,Rural,Mobile,1
50,1175,64,9,Monthly,DSL,UPI,Urban,Tablet,1
65,1062,35,6,Monthly,Fiber,Credit Card,Rural,Tablet,1
40,1502,7,4,Yearly,DSL,UPI,Semi-Urban,Laptop,0
41,1505,18,4,Yearly,DSL,Cash,Semi-Urban,Tablet,0
54,963,67,4,Yearly,Fiber,Cash,Semi-Urban,Tablet,0
52,324,42,0,Yearly,Fiber,Cash,Urban,Laptop,0
61,1503,39,7,Monthly,Fiber,Cash,Urban,Laptop,1
57,1009,41,0,Monthly,Fiber,Auto Debit,Semi-Urban,Mobile,0
39,1824,24,3,Monthly,DSL,Auto Debit,Semi-Urban,Mobile,0
44,1484,60,8,Monthly,Fiber,UPI,Semi-Urban,Mobile,1
52,476,46,8,Monthly,DSL,UPI,Urban,Mobile,1
18,584,19,4,Yearly,DSL,Cash,Rural,Tablet,0
52,362,68,3,Monthly,Fiber,Credit Card,Semi-Urban,Tablet,0
54,1302,42,2,Monthly,DSL,Cash,Urban,Mobile,0
64,961,32,2,Monthly,DSL,UPI,Urban,Mobile,0
31,965,39,4,Monthly,None,Cash,Semi-Urban,Laptop,0
20,455,36,9,Yearly,None,UPI,Semi-Urban,Tablet,0
18,1792,36,0,Monthly,DSL,Cash,Urban,Tablet,0
22,1372,3,4,Monthly,DSL,Credit Card,Rural,Mobile,1
43,1266,8,5,Yearly,DSL,Cash,Urban,Tablet,0
31,1148,70,6,Monthly,DSL,Credit Card,Urban,Laptop,1
56,1407,41,8,Monthly,None,Credit Card,Rural,Laptop,1
44,1684,68,2,Monthly,DSL,UPI,Rural,Tablet,1
26,988,13,1,Monthly,Fiber,Credit Card,Semi-Urban,Mobile,0
32,447,49,2,Yearly,DSL,Auto Debit,Rural,Tablet,0
32,1953,60,8,Yearly,None,Auto Debit,Urban,Laptop,0
43,641,2,6,Monthly,DSL,Auto Debit,Rural,Mobile,1
59,775,60,8,Yearly,Fiber,UPI,Urban,Tablet,0
30,1386,5,1,Monthly,DSL,Auto Debit,Urban,Mobile,1
68,1683,44,4,Monthly,Fiber,UPI,Urban,Mobile,1
49,860,27,3,Monthly,DSL,UPI,Urban,Laptop,0
56,626,32,1,Monthly,DSL,Auto Debit,Urban,Mobile,0
66,1464,21,8,Monthly,None,Credit Card,Urban,Tablet,1
69,1289,8,8,Yearly,None,Cash,Urban,Mobile,1
49,514,50,5,Yearly,Fiber,UPI,Urban,Mobile,0
21,734,67,5,Monthly,Fiber,Auto Debit,Semi-Urban,Tablet,0
47,1251,44,7,Monthly,Fiber,UPI,Urban,Laptop,1
54,1022,58,5,Monthly,DSL,Credit Card,Urban,Laptop,0
40,1641,3,0,Monthly,DSL,Credit Card,Semi-Urban,Tablet,1
56,331,70,3,Monthly,DSL,Auto Debit,Rural,Tablet,0
62,969,2,6,Monthly,Fiber,UPI,Semi-Urban,Laptop,1
32,584,44,1,Yearly,DSL,Cash,Urban,Mobile,0
60,1628,2,8,Monthly,DSL,Cash,Semi-Urban,Tablet,1
46,728,35,7,Monthly,Fiber,UPI,Urban,Mobile,0
53,1800,30,7,Monthly,Fiber,UPI,Urban,Tablet,1
30,585,8,6,Monthly,DSL,UPI,Urban,Laptop,1
49,1467,22,3,Monthly,DSL,Auto Debit,Rural,Mobile,0
24,1747,44,1,Yearly,DSL,Credit Card,Urban,Mobile,0
68,1342,58,2,Monthly,DSL,Cash,Urban,Tablet,0
39,317,36,5,Yearly,DSL,Auto Debit,Urban,Mobile,0
45,1068,69,4,Monthly,Fiber,UPI,Rural,Tablet,1
19,889,31,7,Monthly,Fiber,UPI,Semi-Urban,Laptop,1
59,1694,47,5,Monthly,Fiber,Credit Card,Urban,Mobile,1
62,1498,55,5,Yearly,DSL,UPI,Semi-Urban,Tablet,0
23,1309,62,0,Monthly,Fiber,Auto Debit,Semi-Urban,Mobile,0
45,493,30,3,Yearly,DSL,Auto Debit,Semi-Urban,Tablet,0
45,801,55,4,Monthly,Fiber,Credit Card,Urban,Tablet,0
61,1287,16,2,Yearly,Fiber,Auto Debit,Rural,Tablet,0
61,1436,12,8,Monthly,DSL,Cash,Urban,Laptop,1
37,413,17,0,Yearly,DSL,Auto Debit,Semi-Urban,Mobile,0
47,1545,16,5,Monthly,Fiber,Auto Debit,Urban,Laptop,1
28,1246,12,5,Yearly,DSL,Auto Debit,Urban,Tablet,0
45,1130,8,9,Monthly,Fiber,Cash,Urban,Tablet,1
42,1967,3,4,Monthly,DSL,UPI,Semi-Urban,Laptop,1
56,1587,16,4,Monthly,Fiber,Auto Debit,Urban,Laptop,1
50,1224,30,9,Yearly,DSL,Credit Card,Semi-Urban,Mobile,0
18,354,23,4,Monthly,DSL,Cash,Urban,Tablet,0
44,1966,5,5,Yearly,Fiber,Credit Card,Semi-Urban,Laptop,1
69,1099,65,7,Monthly,DSL,Auto Debit,Rural,Tablet,1
30,1077,30,1,Monthly,DSL,Credit Card,Semi-Urban,Tablet,1
58,1781,21,5,Monthly,DSL,Auto Debit,Semi-Urban,Mobile,0
20,461,70,0,Yearly,DSL,Cash,Semi-Urban,Mobile,0
56,1703,22,3,Yearly,DSL,Credit Card,Urban,Mobile,0
23,386,32,9,Yearly,DSL,Credit Card,Rural,Laptop,1
25,354,33,2,Monthly,None,Auto Debit,Urban,Tablet,0
44,1799,16,8,Yearly,DSL,Auto Debit,Semi-Urban,Laptop,0
26,1501,38,2,Yearly,Fiber,UPI,Semi-Urban,Laptop,0
54,1714,14,5,Monthly,DSL,Auto Debit,Urban,Mobile,0
50,1672,36,0,Yearly,DSL,Auto Debit,Urban,Tablet,0
68,1331,23,5,Yearly,None,UPI,Urban,Tablet,0
59,1132,66,3,Yearly,DSL,Auto Debit,Rural,Mobile,0
61,612,2,7,Yearly,None,Auto Debit,Rural,Tablet,1
41,1058,65,8,Monthly,DSL,UPI,Semi-Urban,Mobile,1
32,742,67,3,Monthly,Fiber,Cash,Semi-Urban,Laptop,0
49,627,52,9,Yearly,Fiber,Cash,Rural,Laptop,1
49,1377,62,9,Monthly,Fiber,Auto Debit,Urban,Mobile,1
41,1060,23,5,Yearly,Fiber,Auto Debit,Urban,Laptop,0
58,1562,26,0,Yearly,Fiber,UPI,Semi-Urban,Laptop,0
69,1552,68,3,Yearly,DSL,UPI,Rural,Mobile,0
66,878,55,6,Yearly,DSL,Cash,Rural,Laptop,0
66,1374,6,0,Monthly,None,Credit Card,Urban,Tablet,1
69,1932,35,7,Monthly,DSL,Auto Debit,Urban,Laptop,1
29,1927,22,9,Monthly,DSL,Credit Card,Urban,Mobile,1
56,1306,43,5,Monthly,Fiber,Credit Card,Urban,Tablet,0
19,1587,15,4,Monthly,DSL,UPI,Urban,Tablet,0
20,1741,60,9,Monthly,None,Auto Debit,Semi-Urban,Laptop,1
66,395,12,8,Yearly,Fiber,Auto Debit,Urban,Tablet,0
54,1411,49,1,Yearly,Fiber,UPI,Rural,Mobile,0
66,1401,42,4,Monthly,Fiber,Credit Card,Urban,Tablet,0
34,1611,38,5,Monthly,DSL,UPI,Semi-Urban,Laptop,0
66,1443,45,6,Yearly,DSL,Cash,Urban,Laptop,0
19,1113,35,4,Monthly,Fiber,Auto Debit,Urban,Tablet,0
19,790,30,8,Monthly,DSL,Cash,Urban,Mobile,1
45,751,30,0,Monthly,Fiber,UPI,Rural,Mobile,1
40,1823,6,6,Monthly,None,Auto Debit,Rural,Laptop,1
54,464,67,9,Monthly,Fiber,Cash,Urban,Laptop,1
49,481,7,6,Yearly,DSL,Cash,Urban,Mobile,1
50,768,52,3,Monthly,None,Credit Card,Rural,Tablet,0
18,1209,14,8,Monthly,Fiber,Auto Debit,Urban,Tablet,0
36,1034,15,4,Monthly,Fiber,Cash,Urban,Tablet,0
19,1122,21,3,Monthly,DSL,Cash,Semi-Urban,Tablet,0
61,1243,35,6,Yearly,None,Credit Card,Rural,Mobile,0
43,306,66,3,Yearly,Fiber,Cash,Urban,Laptop,0
49,629,2,2,Yearly,Fiber,Cash,Urban,Laptop,0
23,1074,35,8,Monthly,Fiber,Cash,Rural,Tablet,1
49,1996,20,7,Yearly,DSL,Credit Card,Urban,Mobile,0
21,450,10,0,Yearly,Fiber,Cash,Urban,Mobile,0
28,1408,25,6,Yearly,Fiber,Cash,Semi-Urban,Tablet,0
34,446,66,8,Monthly,DSL,Auto Debit,Rural,Tablet,1
55,1947,25,7,Monthly,Fiber,Auto Debit,Urban,Tablet,1
41,1704,54,7,Monthly,None,Credit Card,Rural,Laptop,1
22,1214,33,5,Yearly,Fiber,UPI,Semi-Urban,Tablet,0
69,1871,36,3,Monthly,Fiber,Auto Debit,Urban,Laptop,1
51,1608,14,7,Monthly,Fiber,Credit Card,Rural,Mobile,1
23,999,65,2,Yearly,Fiber,Cash,Urban,Mobile,0
39,381,54,8,Yearly,DSL,Cash,Urban,Laptop,0
28,813,52,1,Yearly,DSL,Credit Card,Semi-Urban,Laptop,0
65,1114,3,1,Monthly,Fiber,Cash,Urban,Laptop,0
33,1008,41,6,Yearly,Fiber,Cash,Urban,Laptop,0
50,1846,6,9,Monthly,Fiber,UPI,Urban,Tablet,1
26,1045,25,3,Monthly,Fiber,Cash,Urban,Mobile,0
23,1322,13,9,Monthly,DSL,Auto Debit,Rural,Tablet,1
33,1709,8,7,Monthly,Fiber,Cash,Semi-Urban,Laptop,1
46,1006,21,8,Monthly,DSL,Credit Card,Rural,Tablet,1
20,770,68,6,Yearly,Fiber,UPI,Urban,Tablet,0
37,1442,25,4,Monthly,Fiber,Cash,Urban,Mobile,0
53,695,68,7,Yearly,DSL,Credit Card,Urban,Tablet,0
36,1855,45,3,Monthly,DSL,Auto Debit,Urban,Mobile,0
43,560,60,1,Monthly,Fiber,Cash,Urban,Laptop,0
20,1104,12,5,Monthly,Fiber,UPI,Semi-Urban,Tablet,0
36,1233,32,8,Monthly,DSL,Cash,Rural,Laptop,1
37,1579,13,0,Monthly,None,Credit Card,Rural,Mobile,1
49,1204,31,9,Monthly,Fiber,UPI,Urban,Laptop,1
24,1549,20,6,Monthly,None,Cash,Rural,Laptop,1
69,1376,18,9,Monthly,Fiber,Auto Debit,Urban,Mobile,1
58,1239,60,8,Monthly,Fiber,UPI,Urban,Laptop,1
50,1823,63,9,Yearly,Fiber,Auto Debit,Rural,Laptop,1
57,1829,6,8,Monthly,Fiber,Credit Card,Semi-Urban,Laptop,0
56,1153,32,9,Yearly,Fiber,Cash,Urban,Tablet,0
35,1687,43,2,Yearly,DSL,Auto Debit,Urban,Laptop,1
57,1603,2,4,Yearly,Fiber,Credit Card,Urban,Mobile,1
18,892,60,7,Yearly,DSL,Cash,Semi-Urban,Tablet,0
28,1013,23,7,Monthly,DSL,Credit Card,Urban,Tablet,1
45,1481,31,3,Yearly,DSL,Auto Debit,Rural,Mobile,0
42,931,5,0,Yearly,DSL,Credit Card,Urban,Laptop,0
67,358,34,0,Monthly,None,UPI,Urban,Tablet,0
40,427,10,3,Monthly,DSL,Cash,Urban,Tablet,1
48,1035,2,5,Monthly,Fiber,Credit Card,Semi-Urban,Tablet,1
47,1020,11,7,Yearly,Fiber,Auto Debit,Urban,Laptop,1
59,1438,50,5,Yearly,Fiber,Cash,Semi-Urban,Tablet,0
52,1532,31,8,Monthly,DSL,UPI,Rural,Mobile,1
24,825,56,8,Monthly,Fiber,Cash,Rural,Laptop,1
33,820,9,1,Monthly,Fiber,UPI,Rural,Mobile,1
43,851,21,9,Monthly,Fiber,Cash,Rural,Mobile,1
65,536,28,0,Yearly,Fiber,Credit Card,Semi-Urban,Tablet,0
69,1604,62,1,Monthly,None,Credit Card,Rural,Tablet,1
66,1682,7,4,Monthly,Fiber,Auto Debit,Urban,Tablet,1
19,1524,16,3,Monthly,DSL,UPI,Urban,Mobile,0
18,1601,4,3,Yearly,Fiber,Auto Debit,Urban,Laptop,1
65,1558,4,8,Monthly,DSL,Credit Card,Urban,Tablet,1
29,793,40,7,Yearly,Fiber,UPI,Urban,Tablet,0
22,303,17,5,Monthly,DSL,Auto Debit,Rural,Mobile,0
54,965,52,0,Monthly,DSL,Auto Debit,Urban,Laptop,0
49,741,52,1,Monthly,Fiber,Auto Debit,Urban,Mobile,0
26,328,36,5,Monthly,Fiber,Auto Debit,Semi-Urban,Tablet,0
58,1432,38,1,Monthly,DSL,Auto Debit,Urban,Mobile,0
52,909,50,9,Yearly,Fiber,UPI,Urban,Tablet,1
36,1104,63,4,Yearly,Fiber,Auto Debit,Urban,Laptop,0
65,374,63,4,Yearly,DSL,UPI,Urban,Mobile,0
33,1137,62,5,Monthly,Fiber,Auto Debit,Urban,Tablet,0
20,1469,7,5,Yearly,DSL,Credit Card,Semi-Urban,Tablet,0
37,427,27,5,Monthly,Fiber,Credit Card,Semi-Urban,Tablet,0
41,341,14,1,Monthly,Fiber,Auto Debit,Urban,Tablet,0
50,1679,71,9,Monthly,DSL,Cash,Urban,Mobile,1
41,340,5,2,Monthly,Fiber,Credit Card,Urban,Tablet,1
69,1233,55,5,Yearly,DSL,UPI,Semi-Urban,Mobile,0
28,333,2,7,Monthly,Fiber,Auto Debit,Urban,Tablet,1
66,1340,62,0,Monthly,Fiber,UPI,Urban,Mobile,0
25,1476,21,0,Yearly,Fiber,Cash,Semi-Urban,Mobile,0
53,1297,21,1,Monthly,DSL,Auto Debit,Urban,Tablet,0
55,1701,10,5,Monthly,DSL,Credit Card,Urban,Tablet,1
57,887,58,8,Monthly,DSL,UPI,Urban,Tablet,1
37,1922,39,3,Yearly,DSL,Credit Card,Rural,Tablet,0
52,1952,5,2,Yearly,Fiber,Credit Card,Rural,Laptop,1
65,641,65,7,Monthly,Fiber,Auto Debit,Semi-Urban,Tablet,0
42,326,13,9,Monthly,Fiber,UPI,Urban,Tablet,1
52,1610,53,8,Monthly,Fiber,Cash,Semi-Urban,Tablet,1
42,945,45,4,Yearly,None,Credit Card,Rural,Mobile,0
46,1030,32,8,Monthly,Fiber,Auto Debit,Rural,Tablet,1
35,467,36,1,Monthly,None,Auto Debit,Urban,Mobile,0
63,909,60,2,Monthly,Fiber,Cash,Rural,Mobile,1
35,567,11,6,Monthly,DSL,Auto Debit,Urban,Mobile,1
19,1120,63,6,Monthly,DSL,Credit Card,Urban,Mobile,1
52,754,21,5,Yearly,Fiber,Auto Debit,Semi-Urban,Laptop,0
33,1205,52,5,Monthly,DSL,UPI,Urban,Tablet,0
58,1724,55,1,Monthly,DSL,UPI,Rural,Mobile,1
53,1221,26,9,Yearly,Fiber,Credit Card,Urban,Tablet,0
50,1280,68,5,Yearly,Fiber,UPI,Semi-Urban,Mobile,1
21,1799,34,3,Monthly,Fiber,Cash,Rural,Laptop,1
50,1001,52,2,Monthly,DSL,Auto Debit,Rural,Mobile,0
31,933,52,1,Monthly,DSL,Credit Card,Urban,Tablet,0
38,1881,29,0,Yearly,Fiber,Cash,Urban,Tablet,1
65,1899,38,4,Monthly,None,Auto Debit,Semi-Urban,Laptop,0
37,429,42,1,Yearly,Fiber,Cash,Urban,Tablet,0
25,1319,21,1,Yearly,None,Credit Card,Rural,Tablet,0
24,1686,42,6,Monthly,Fiber,Credit Card,Rural,Mobile,1
20,1118,13,7,Monthly,Fiber,Cash,Urban,Tablet,1
34,992,64,9,Monthly,DSL,Auto Debit,Urban,Mobile,1
50,1615,17,7,Monthly,Fiber,UPI,Urban,Laptop,1
65,1694,9,3,Monthly,Fiber,UPI,Rural,Tablet,0
29,1093,41,0,Yearly,Fiber,Cash,Urban,Mobile,0
68,328,1,6,Yearly,Fiber,Credit Card,Urban,Tablet,1
39,448,2,0,Monthly,Fiber,Auto Debit,Urban,Mobile,1
39,1619,60,3,Yearly,DSL,Auto Debit,Semi-Urban,Laptop,1
63,310,48,7,Monthly,Fiber,Credit Card,Urban,Mobile,1
47,1835,29,1,Monthly,DSL,UPI,Urban,Tablet,0
55,975,10,5,Monthly,Fiber,Auto Debit,Rural,Mobile,1
55,1436,58,5,Yearly,DSL,Cash,Rural,Tablet,0
62,486,60,8,Yearly,DSL,UPI,Semi-Urban,Laptop,0
68,1106,21,4,Yearly,Fiber,Cash,Urban,Mobile,0
25,1043,28,9,Monthly,Fiber,UPI,Urban,Tablet,1
44,1550,34,3,Monthly,Fiber,Credit Card,Semi-Urban,Tablet,1
44,1633,8,4,Monthly,DSL,Cash,Urban,Tablet,1
51,397,59,9,Monthly,Fiber,Cash,Rural,Mobile,1
38,354,49,4,Yearly,DSL,Credit Card,Semi-Urban,Mobile,0
47,922,17,7,Yearly,None,Cash,Urban,Mobile,0
50,963,60,9,Yearly,None,UPI,Rural,Laptop,0
45,1057,45,7,Monthly,Fiber,Auto Debit,Rural,Tablet,1
64,705,69,1,Monthly,DSL,Auto Debit,Urban,Tablet,0
50,368,32,6,Monthly,Fiber,Credit Card,Semi-Urban,Laptop,1
22,1635,44,7,Monthly,DSL,UPI,Urban,Laptop,1
65,1612,65,5,Monthly,Fiber,Cash,Urban,Mobile,1
36,1871,8,4,Yearly,DSL,Cash,Urban,Mobile,0
21,1050,43,8,Yearly,None,Auto Debit,Semi-Urban,Mobile,1
52,1471,1,2,Monthly,DSL,Cash,Rural,Mobile,1
66,1790,51,9,Monthly,Fiber,Auto Debit,Semi-Urban,Mobile,1
34,1567,24,3,Monthly,Fiber,Credit Card,Urban,Mobile,1
61,1814,24,8,Monthly,Fiber,Cash,Semi-Urban,Laptop,0
45,1257,17,5,Yearly,DSL,UPI,Urban,Laptop,0
47,1830,5,7,Monthly,None,Cash,Rural,Laptop,1
46,664,20,6,Monthly,Fiber,Auto Debit,Urban,Tablet,1
63,781,21,1,Monthly,Fiber,Credit Card,Urban,Tablet,0
23,500,58,2,Yearly,DSL,Auto Debit,Urban,Mobile,0
52,453,31,0,Monthly,Fiber,Cash,Semi-Urban,Laptop,0
58,1773,11,8,Monthly,Fiber,Auto Debit,Urban,Tablet,1
54,1824,52,6,Monthly,DSL,Auto Debit,Semi-Urban,Tablet,1
41,372,15,0,Yearly,DSL,Credit Card,Urban,Laptop,0
46,1012,7,2,Yearly,Fiber,UPI,Urban,Tablet,0
66,595,28,3,Monthly,DSL,Cash,Urban,Tablet,0
63,1340,51,3,Yearly,DSL,Credit Card,Rural,Laptop,0
48,1964,58,4,Yearly,Fiber,UPI,Rural,Tablet,0
52,1540,5,2,Yearly,Fiber,Auto Debit,Urban,Laptop,1
50,360,5,2,Yearly,DSL,UPI,Urban,Tablet,0
69,1238,8,0,Yearly,Fiber,Auto Debit,Urban,Laptop,0
38,1939,64,6,Monthly,DSL,Auto Debit,Semi-Urban,Tablet,1
49,341,10,9,Yearly,DSL,Credit Card,Urban,Tablet,0
40,324,38,0,Monthly,DSL,Auto Debit,Rural,Laptop,0
50,1362,8,1,Yearly,Fiber,Credit Card,Rural,Tablet,1
20,430,25,3,Monthly,DSL,UPI,Urban,Laptop,0
35,1821,66,3,Yearly,DSL,UPI,Urban,Laptop,0
42,1552,50,4,Yearly,Fiber,Auto Debit,Rural,Tablet,0
59,407,67,1,Monthly,Fiber,Credit Card,Rural,Mobile,1
48,471,49,3,Yearly,DSL,Auto Debit,Urban,Tablet,1
20,1758,36,0,Monthly,Fiber,Credit Card,Urban,Mobile,1
57,1801,68,1,Yearly,DSL,Credit Card,Urban,Mobile,1
63,401,41,0,Monthly,Fiber,Credit Card,Urban,Tablet,0
41,1165,62,9,Monthly,Fiber,UPI,Urban,Mobile,1
67,823,10,9,Yearly,Fiber,Credit Card,Urban,Laptop,1
49,574,21,3,Monthly,DSL,UPI,Semi-Urban,Laptop,0
64,1936,36,3,Yearly,DSL,Credit Card,Urban,Mobile,0
39,1367,12,6,Monthly,DSL,UPI,Urban,Laptop,1
40,1116,2,9,Monthly,DSL,Cash,Urban,Tablet,1
19,1256,13,8,Monthly,DSL,UPI,Rural,Laptop,0
44,1340,53,8,Monthly,Fiber,UPI,Rural,Mobile,1
59,629,32,4,Monthly,None,Auto Debit,Urban,Tablet,0
19,1892,16,9,Monthly,None,Credit Card,Urban,Laptop,1
43,1820,32,0,Monthly,Fiber,Cash,Rural,Tablet,1
34,311,32,0,Monthly,Fiber,Auto Debit,Urban,Mobile,0
57,1641,11,5,Yearly,Fiber,Credit Card,Urban,Laptop,1
50,1915,10,1,Yearly,DSL,Cash,Urban,Tablet,0
26,515,15,7,Monthly,Fiber,Cash,Urban,Tablet,1
60,638,17,8,Yearly,Fiber,Cash,Urban,Laptop,0
65,960,40,3,Monthly,Fiber,Credit Card,Rural,Tablet,1
56,1404,18,4,Yearly,Fiber,Cash,Semi-Urban,Tablet,0
46,1808,55,7,Yearly,DSL,Cash,Urban,Mobile,0
59,673,25,2,Yearly,DSL,Auto Debit,Rural,Mobile,0
43,1275,59,4,Monthly,None,UPI,Urban,Mobile,0
52,1009,22,2,Yearly,DSL,Credit Card,Urban,Mobile,0
67,1523,30,9,Monthly,Fiber,UPI,Semi-Urban,Mobile,1
42,1860,44,2,Yearly,None,Auto Debit,Semi-Urban,Mobile,0
41,765,32,2,Monthly,Fiber,UPI,Urban,Laptop,0
30,1412,51,6,Yearly,Fiber,Cash,Urban,Mobile,0
24,1591,46,6,Yearly,DSL,Cash,Semi-Urban,Tablet,1
53,1978,21,6,Yearly,DSL,Credit Card,Semi-Urban,Laptop,0
62,1894,32,9,Monthly,Fiber,Credit Card,Semi-Urban,Tablet,1
37,788,39,7,Yearly,Fiber,Credit Card,Urban,Mobile,0
18,1861,12,4,Monthly,Fiber,Auto Debit,Urban,Mobile,1
25,346,47,4,Yearly,DSL,Credit Card,Urban,Tablet,0
63,1611,18,3,Monthly,DSL,Auto Debit,Urban,Tablet,0
33,1077,21,6,Monthly,None,Cash,Rural,Tablet,1
31,1339,13,9,Monthly,DSL,UPI,Urban,Laptop,1
29,1010,21,3,Monthly,Fiber,Cash,Urban,Mobile,0
68,700,8,1,Monthly,DSL,Cash,Semi-Urban,Tablet,1
40,1280,46,3,Monthly,Fiber,Cash,Urban,Mobile,0
32,1409,7,7,Monthly,None,Credit Card,Urban,Tablet,1
45,549,23,8,Yearly,Fiber,Credit Card,Rural,Mobile,1
51,690,22,2,Yearly,DSL,Credit Card,Rural,Laptop,1
19,634,22,6,Monthly,Fiber,UPI,Semi-Urban,Mobile,1
49,928,29,8,Monthly,Fiber,Credit Card,Urban,Tablet,1
40,1842,13,3,Monthly,Fiber,Auto Debit,Semi-Urban,Mobile,1
39,436,2,9,Monthly,Fiber,Cash,Semi-Urban,Laptop,0
68,1182,29,2,Yearly,Fiber,UPI,Urban,Laptop,0
42,987,52,4,Yearly,Fiber,UPI,Urban,Mobile,0
39,1821,27,0,Monthly,Fiber,UPI,Rural,Tablet,1
39,1126,50,2,Monthly,DSL,UPI,Urban,Laptop,0
66,1026,23,7,Monthly,DSL,UPI,Semi-Urban,Laptop,1
69,1800,44,7,Yearly,DSL,Auto Debit,Urban,Mobile,0
59,893,22,3,Yearly,None,Cash,Urban,Laptop,0
23,1546,43,1,Monthly,Fiber,UPI,Urban,Laptop,1
32,1289,37,7,Monthly,Fiber,Cash,Rural,Tablet,1
60,671,61,7,Yearly,DSL,Credit Card,Urban,Tablet,0
54,1234,56,9,Yearly,DSL,UPI,Semi-Urban,Tablet,0
50,1294,3,3,Monthly,Fiber,UPI,Semi-Urban,Mobile,1
25,701,63,2,Monthly,Fiber,Cash,Semi-Urban,Laptop,0
61,1766,19,1,Monthly,DSL,UPI,Rural,Mobile,1
61,1813,23,8,Monthly,Fiber,UPI,Semi-Urban,Laptop,1
22,914,29,0,Monthly,DSL,UPI,Urban,Laptop,0
56,1596,30,6,Monthly,DSL,Auto Debit,Rural,Laptop,1
21,1849,39,4,Monthly,Fiber,Auto Debit,Semi-Urban,Tablet,1
23,1482,25,7,Monthly,DSL,UPI,Urban,Mobile,1
62,1475,8,3,Yearly,None,Auto Debit,Urban,Mobile,0
49,1294,58,6,Monthly,DSL,Credit Card,Rural,Laptop,1
69,919,16,4,Monthly,DSL,UPI,Urban,Mobile,0
47,487,1,4,Monthly,DSL,Credit Card,Semi-Urban,Tablet,1
64,1421,5,8,Monthly,Fiber,Cash,Urban,Mobile,1
52,430,3,8,Yearly,Fiber,Credit Card,Urban,Laptop,1
57,1104,65,8,Monthly,Fiber,Cash,Semi-Urban,Tablet,1
69,1494,4,5,Monthly,DSL,UPI,Urban,Tablet,1
33,1235,64,5,Yearly,DSL,Cash,Urban,Laptop,0
30,1285,10,4,Monthly,Fiber,Cash,Semi-Urban,Mobile,1
67,482,21,8,Yearly,Fiber,Credit Card,Urban,Laptop,0
59,1282,46,9,Monthly,Fiber,Credit Card,Semi-Urban,Mobile,1
47,663,27,7,Monthly,DSL,Credit Card,Rural,Mobile,1
36,338,66,6,Monthly,Fiber,UPI,Semi-Urban,Tablet,1
34,1850,41,6,Monthly,None,UPI,Urban,Laptop,1
36,796,13,5,Yearly,DSL,Credit Card,Urban,Tablet,0
45,1839,9,4,Yearly,Fiber,UPI,Semi-Urban,Laptop,1
43,1672,36,3,Monthly,DSL,UPI,Rural,Laptop,1
54,1281,58,2,Monthly,None,Cash,Rural,Tablet,0
43,1220,54,2,Yearly,Fiber,Cash,Rural,Laptop,0
40,1720,12,5,Yearly,None,Credit Card,Urban,Laptop,1
26,1021,14,3,Monthly,Fiber,UPI,Urban,Mobile,0
29,1484,34,5,Monthly,DSL,Cash,Urban,Laptop,0
18,315,53,2,Monthly,None,Auto Debit,Urban,Laptop,0
18,792,20,3,Yearly,DSL,UPI,Urban,Tablet,0
64,1749,16,8,Monthly,DSL,Auto Debit,Rural,Tablet,1
51,1431,70,4,Monthly,Fiber,Credit Card,Urban,Laptop,0
49,1193,56,6,Yearly,Fiber,UPI,Urban,Mobile,0
65,1773,58,9,Monthly,None,Credit Card,Urban,Mobile,1
42,610,4,1,Monthly,DSL,Credit Card,Rural,Tablet,1
57,1038,4,4,Monthly,Fiber,Credit Card,Semi-Urban,Laptop,0
62,1493,20,8,Monthly,Fiber,Credit Card,Semi-Urban,Laptop,1
18,845,10,2,Monthly,DSL,Credit Card,Rural,Mobile,0
33,713,24,8,Monthly,DSL,UPI,Urban,Mobile,0
56,550,26,5,Monthly,DSL,Auto Debit,Semi-Urban,Mobile,0
22,1058,37,3,Monthly,DSL,UPI,Urban,Tablet,0
39,1464,54,6,Yearly,None,UPI,Urban,Laptop,0
46,1597,21,7,Yearly,Fiber,UPI,Rural,Tablet,1
20,1739,38,5,Monthly,Fiber,Cash,Semi-Urban,Laptop,1
29,1931,46,4,Monthly,None,Cash,Urban,Tablet,0
43,1362,4,5,Monthly,DSL,UPI,Urban,Laptop,1
33,1113,60,4,Monthly,Fiber,Auto Debit,Semi-Urban,Mobile,0
68,328,57,7,Monthly,Fiber,UPI,Urban,Mobile,1
54,1257,45,0,Yearly,Fiber,Credit Card,Urban,Mobile,0
39,776,20,6,Monthly,DSL,Cash,Urban,Tablet,1
46,617,17,9,Monthly,None,Cash,Urban,Mobile,1
31,544,71,9,Monthly,DSL,UPI,Rural,Laptop,1
45,1047,4,1,Yearly,DSL,UPI,Urban,Tablet,0
22,996,14,8,Monthly,Fiber,Auto Debit,Urban,Laptop,1
64,571,3,0,Yearly,DSL,Auto Debit,Semi-Urban,Tablet,0
66,1763,58,9,Monthly,Fiber,Credit Card,Rural,Laptop,1
47,1562,55,5,Yearly,Fiber,UPI,Urban,Laptop,0
63,676,4,8,Yearly,Fiber,UPI,Urban,Tablet,1
69,565,24,0,Monthly,DSL,UPI,Urban,Tablet,0
22,1225,34,3,Monthly,DSL,Cash,Semi-Urban,Mobile,0
29,1220,30,3,Monthly,DSL,Credit Card,Semi-Urban,Mobile,0
33,1682,19,8,Monthly,Fiber,Auto Debit,Rural,Laptop,1
43,639,31,4,Yearly,DSL,Cash,Rural,Laptop,0
43,688,60,4,Yearly,DSL,Cash,Semi-Urban,Laptop,0
65,876,60,5,Yearly,DSL,Cash,Semi-Urban,Tablet,0
38,302,19,0,Yearly,DSL,Cash,Urban,Tablet,0
56,1752,49,0,Monthly,Fiber,Credit Card,Urban,Mobile,0
53,1465,63,8,Monthly,Fiber,UPI,Rural,Laptop,1
50,675,22,2,Yearly,DSL,Auto Debit,Urban,Mobile,0
47,1993,24,3,Monthly,Fiber,Auto Debit,Urban,Tablet,1
54,623,30,0,Yearly,Fiber,Cash,Semi-Urban,Tablet,0
40,445,58,8,Monthly,Fiber,Cash,Urban,Tablet,1
27,592,31,7,Monthly,Fiber,Credit Card,Semi-Urban,Mobile,1
22,1988,64,1,Yearly,Fiber,Cash,Semi-Urban,Tablet,0
53,731,19,7,Monthly,Fiber,Auto Debit,Urban,Laptop,1
51,1004,48,6,Yearly,DSL,Auto Debit,Rural,Mobile,0
69,1248,45,5,Yearly,Fiber,UPI,Urban,Tablet,0
48,884,55,0,Yearly,Fiber,UPI,Urban,Mobile,0
27,698,55,6,Yearly,DSL,Auto Debit,Semi-Urban,Mobile,0
36,1116,18,9,Monthly,DSL,Auto Debit,Semi-Urban,Tablet,1
49,1667,63,6,Yearly,None,Credit Card,Semi-Urban,Tablet,1
18,1263,47,8,Monthly,Fiber,Credit Card,Urban,Mobile,1
22,1463,57,0,Monthly,Fiber,Auto Debit,Semi-Urban,Mobile,0
62,486,45,1,Yearly,None,Cash,Urban,Tablet,0
21,360,33,8,Monthly,Fiber,UPI,Rural,Laptop,1
33,1238,17,8,Monthly,Fiber,Auto Debit,Urban,Mobile,1
41,1703,70,5,Monthly,Fiber,Cash,Semi-Urban,Mobile,0
33,1009,4,5,Monthly,Fiber,Auto Debit,Urban,Laptop,1
19,1106,20,3,Yearly,Fiber,UPI,Urban,Tablet,0
66,1763,47,3,Monthly,Fiber,UPI,Urban,Tablet,1
45,1642,15,4,Yearly,DSL,Credit Card,Rural,Laptop,0
49,1625,70,2,Yearly,None,Credit Card,Semi-Urban,Tablet,0
44,1667,47,0,Yearly,Fiber,Credit Card,Rural,Tablet,0
37,310,9,0,Monthly,DSL,Credit Card,Urban,Mobile,0
41,1385,16,6,Yearly,Fiber,UPI,Urban,Mobile,0
29,525,69,0,Monthly,Fiber,Cash,Urban,Mobile,0
67,1476,61,0,Yearly,DSL,Cash,Rural,Laptop,0
52,863,10,2,Monthly,Fiber,Cash,Urban,Tablet,1
50,1071,50,9,Yearly,Fiber,Auto Debit,Rural,Tablet,0
50,1894,3,3,Yearly,Fiber,Credit Card,Rural,Mobile,1
68,1907,70,3,Monthly,DSL,Credit Card,Rural,Mobile,1
60,1983,51,1,Monthly,Fiber,UPI,Semi-Urban,Laptop,1
54,1898,19,0,Yearly,Fiber,UPI,Semi-Urban,Tablet,0
29,1633,42,2,Monthly,DSL,Auto Debit,Semi-Urban,Laptop,0
20,1184,35,3,Yearly,None,Auto Debit,Urban,Tablet,0
18,1566,46,2,Monthly,Fiber,Cash,Semi-Urban,Laptop,1
50,1816,26,7,Monthly,DSL,UPI,Urban,Mobile,1
57,1689,69,9,Yearly,Fiber,Credit Card,Urban,Laptop,1
27,1653,64,0,Yearly,Fiber,Cash,Urban,Laptop,0
60,1430,37,1,Yearly,DSL,Credit Card,Urban,Mobile,0
61,525,49,6,Monthly,DSL,Cash,Urban,Tablet,1
46,1124,21,3,Yearly,DSL,Credit Card,Urban,Tablet,0
30,517,64,7,Monthly,DSL,Auto Debit,Semi-Urban,Mobile,1
29,1236,5,2,Yearly,Fiber,Cash,Urban,Laptop,0
48,1052,70,5,Yearly,Fiber,Credit Card,Semi-Urban,Laptop,0
63,805,4,8,Monthly,DSL,Credit Card,Urban,Laptop,1
19,558,39,0,Monthly,DSL,UPI,Semi-Urban,Tablet,0
68,1840,35,0,Monthly,DSL,Cash,Semi-Urban,Laptop,0
67,353,1,7,Yearly,None,Credit Card,Semi-Urban,Tablet,1
52,1370,24,2,Monthly,DSL,UPI,Semi-Urban,Laptop,0
40,1026,57,4,Yearly,None,Credit Card,Urban,Mobile,0
34,988,70,0,Monthly,Fiber,Cash,Semi-Urban,Mobile,0
43,1844,41,4,Yearly,DSL,Auto Debit,Urban,Tablet,0
25,1422,54,5,Yearly,Fiber,Cash,Urban,Tablet,0
46,1343,46,7,Monthly,Fiber,Cash,Semi-Urban,Mobile,1
43,1896,60,2,Monthly,Fiber,Credit Card,Urban,Mobile,0
27,1813,60,2,Monthly,None,Credit Card,Semi-Urban,Laptop,0
43,718,57,9,Yearly,DSL,Cash,Semi-Urban,Mobile,0
51,989,31,8,Yearly,DSL,UPI,Urban,Tablet,0
68,1149,24,3,Monthly,Fiber,UPI,Urban,Mobile,0
58,361,36,3,Yearly,DSL,UPI,Urban,Tablet,0
24,1468,30,6,Monthly,DSL,Credit Card,Rural,Tablet,1
21,515,24,1,Monthly,DSL,Credit Card,Semi-Urban,Laptop,0
67,302,30,7,Yearly,DSL,Cash,Urban,Laptop,0
62,459,7,5,Monthly,Fiber,Auto Debit,Urban,Laptop,1
28,1080,35,2,Monthly,DSL,Credit Card,Semi-Urban,Laptop,0
46,1443,55,8,Monthly,Fiber,Cash,Rural,Mobile,0
53,1192,14,4,Monthly,Fiber,Cash,Urban,Laptop,0
42,1412,10,7,Monthly,Fiber,Auto Debit,Urban,Mobile,1
38,628,16,6,Monthly,DSL,UPI,Rural,Laptop,1
53,879,54,7,Yearly,Fiber,Cash,Urban,Laptop,0
27,1680,70,6,Monthly,DSL,Cash,Urban,Tablet,1
54,1933,44,2,Monthly,Fiber,Cash,Rural,Mobile,1
26,1590,45,1,Monthly,Fiber,UPI,Semi-Urban,Tablet,1
41,1940,56,6,Monthly,Fiber,UPI,Urban,Laptop,1
52,1251,57,2,Yearly,Fiber,Auto Debit,Urban,Mobile,0
66,1646,21,2,Yearly,Fiber,Credit Card,Urban,Laptop,0
52,934,68,1,Monthly,DSL,UPI,Urban,Tablet,0
65,1287,50,3,Yearly,Fiber,Credit Card,Rural,Mobile,1
53,1864,33,7,Monthly,Fiber,Credit Card,Urban,Tablet,1
35,1972,7,0,Monthly,DSL,UPI,Semi-Urban,Laptop,1
66,1518,70,0,Monthly,Fiber,Cash,Rural,Laptop,1
56,1220,15,4,Monthly,None,Auto Debit,Urban,Laptop,0
49,1037,32,4,Monthly,None,Credit Card,Urban,Mobile,0
41,1655,20,0,Yearly,Fiber,Cash,Semi-Urban,Tablet,0
40,469,15,5,Monthly,Fiber,UPI,Rural,Tablet,0
49,820,48,0,Yearly,DSL,Credit Card,Rural,Laptop,1
54,1786,71,4,Monthly,None,Credit Card,Urban,Tablet,0
29,339,21,8,Monthly,DSL,Credit Card,Semi-Urban,Mobile,1
66,1860,42,4,Yearly,Fiber,Cash,Semi-Urban,Laptop,0
30,1584,26,5,Monthly,DSL,Cash,Rural,Laptop,1
40,1718,14,7,Monthly,DSL,Cash,Urban,Laptop,1
42,1254,57,0,Yearly,Fiber,Credit Card,Semi-Urban,Mobile,0
52,1549,37,1,Yearly,None,Credit Card,Rural,Laptop,1
58,1283,58,8,Yearly,DSL,Auto Debit,Urban,Laptop,0
47,1447,21,2,Yearly,Fiber,Auto Debit,Urban,Laptop,0
34,1274,69,5,Yearly,DSL,Cash,Urban,Laptop,0
66,337,3,4,Yearly,DSL,Cash,Urban,Tablet,1
37,627,37,1,Monthly,Fiber,UPI,Urban,Laptop,0
65,1574,49,6,Monthly,Fiber,Cash,Rural,Mobile,1
42,1499,19,3,Monthly,DSL,Auto Debit,Urban,Laptop,0
39,1925,12,0,Monthly,DSL,Auto Debit,Urban,Laptop,0
30,1213,61,3,Yearly,DSL,Auto Debit,Semi-Urban,Tablet,0
36,753,41,5,Yearly,DSL,Credit Card,Urban,Laptop,0
66,336,33,6,Monthly,None,Credit Card,Urban,Tablet,1
53,1639,50,6,Monthly,None,Cash,Semi-Urban,Mobile,1
29,1272,68,6,Yearly,DSL,UPI,Rural,Tablet,0
58,1095,71,2,Monthly,Fiber,UPI,Semi-Urban,Laptop,0
36,1272,33,5,Yearly,None,UPI,Semi-Urban,Mobile,0
29,892,24,7,Monthly,DSL,Credit Card,Urban,Laptop,1
26,1437,61,3,Monthly,Fiber,Auto Debit,Rural,Tablet,0
24,1363,61,7,Monthly,None,Auto Debit,Urban,Mobile,1
45,1624,28,1,Monthly,DSL,Credit Card,Semi-Urban,Mobile,0
31,523,58,9,Yearly,DSL,UPI,Urban,Tablet,0
48,617,43,8,Yearly,None,UPI,Rural,Tablet,0
69,648,41,8,Yearly,Fiber,Cash,Semi-Urban,Mobile,0
36,414,39,7,Monthly,DSL,Cash,Semi-Urban,Mobile,1
64,997,49,9,Monthly,DSL,UPI,Urban,Tablet,1
33,1646,17,9,Yearly,Fiber,Credit Card,Urban,Laptop,1
22,1891,70,0,Yearly,Fiber,UPI,Semi-Urban,Mobile,0
52,1363,70,1,Monthly,Fiber,Cash,Semi-Urban,Tablet,0
29,339,65,5,Monthly,None,UPI,Urban,Laptop,0
42,1612,5,9,Yearly,DSL,Credit Card,Rural,Mobile,1
69,1585,2,4,Monthly,Fiber,Auto Debit,Rural,Mobile,1
38,515,22,8,Monthly,Fiber,Credit Card,Urban,Tablet,0
53,1470,57,4,Monthly,Fiber,Credit Card,Rural,Laptop,1
40,635,66,1,Monthly,DSL,Cash,Semi-Urban,Mobile,0
33,1491,16,9,Yearly,None,Credit Card,Urban,Laptop,0
56,391,51,3,Yearly,Fiber,Credit Card,Urban,Laptop,1
62,652,39,8,Monthly,Fiber,Cash,Semi-Urban,Mobile,1
59,870,40,0,Monthly,Fiber,Cash,Semi-Urban,Laptop,0
56,1894,38,0,Monthly,DSL,Auto Debit,Urban,Mobile,0
31,1115,60,6,Monthly,Fiber,UPI,Semi-Urban,Laptop,0
48,1080,59,2,Monthly,Fiber,Credit Card,Semi-Urban,Mobile,0
22,662,10,9,Yearly,Fiber,Cash,Semi-Urban,Tablet,1
52,856,64,1,Monthly,None,Auto Debit,Urban,Mobile,0
40,1668,63,8,Monthly,Fiber,UPI,Rural,Mobile,1
46,1493,49,2,Monthly,DSL,Cash,Urban,Mobile,0
60,655,64,1,Monthly,Fiber,UPI,Urban,Laptop,0
28,490,32,7,Monthly,DSL,UPI,Urban,Tablet,1
35,1990,7,9,Monthly,DSL,Credit Card,Urban,Laptop,1
64,721,21,5,Yearly,DSL,Credit Card,Rural,Laptop,0
29,999,20,5,Monthly,Fiber,Cash,Urban,Mobile,0
26,306,26,9,Monthly,Fiber,UPI,Semi-Urban,Laptop,1
27,432,68,6,Yearly,Fiber,Cash,Urban,Mobile,0
61,856,15,6,Yearly,Fiber,Cash,Urban,Tablet,0
34,1125,14,5,Monthly,Fiber,UPI,Rural,Laptop,1
55,1060,27,3,Yearly,DSL,Cash,Semi-Urban,Laptop,0
24,1354,40,8,Monthly,Fiber,UPI,Urban,Laptop,1
63,834,58,5,Monthly,DSL,UPI,Semi-Urban,Mobile,0
30,725,28,3,Monthly,DSL,UPI,Urban,Mobile,0
57,1717,26,2,Yearly,Fiber,UPI,Urban,Laptop,0
59,971,63,3,Yearly,DSL,Auto Debit,Semi-Urban,Laptop,0
26,662,66,2,Monthly,DSL,UPI,Semi-Urban,Tablet,0
67,1760,25,1,Monthly,Fiber,Credit Card,Urban,Tablet,1
44,1993,3,4,Yearly,Fiber,Credit Card,Rural,Tablet,1
19,1874,44,1,Monthly,Fiber,Credit Card,Semi-Urban,Tablet,0
22,381,42,5,Monthly,None,UPI,Urban,Tablet,0
46,655,6,2,Yearly,Fiber,Credit Card,Semi-Urban,Mobile,1
54,1581,39,5,Yearly,Fiber,Auto Debit,Semi-Urban,Tablet,0
55,888,52,9,Yearly,DSL,Cash,Semi-Urban,Tablet,1
36,1847,23,8,Yearly,Fiber,UPI,Urban,Laptop,1
25,594,50,0,Monthly,Fiber,Credit Card,Semi-Urban,Mobile,0
65,1547,43,5,Yearly,Fiber,Auto Debit,Urban,Tablet,0
62,1848,19,8,Yearly,Fiber,Cash,Rural,Tablet,1
18,1369,69,3,Monthly,DSL,Auto Debit,Semi-Urban,Tablet,1
39,1990,51,1,Monthly,DSL,Credit Card,Urban,Laptop,0
69,1436,11,3,Monthly,Fiber,Auto Debit,Semi-Urban,Laptop,1
34,1556,12,0,Monthly,DSL,Cash,Rural,Laptop,0
24,316,8,2,Yearly,Fiber,Credit Card,Rural,Tablet,1
42,659,24,9,Yearly,DSL,Cash,Urban,Laptop,0
62,1546,41,8,Monthly,None,Auto Debit,Urban,Tablet,1
21,1165,36,9,Monthly,None,UPI,Semi-Urban,Mobile,0
53,999,55,4,Yearly,DSL,UPI,Urban,Tablet,0
23,747,9,5,Monthly,DSL,UPI,Rural,Laptop,1
48,1155,47,2,Monthly,Fiber,UPI,Urban,Mobile,0
36,664,15,4,Monthly,None,Cash,Urban,Tablet,0
61,974,48,7,Monthly,Fiber,UPI,Urban,Mobile,1
56,1307,42,5,Monthly,DSL,Cash,Urban,Mobile,1
44,1649,60,3,Monthly,Fiber,Credit Card,Semi-Urban,Mobile,0
27,766,70,1,Monthly,Fiber,UPI,Urban,Tablet,0
43,713,12,8,Monthly,DSL,Cash,Urban,Laptop,1
36,1778,2,0,Monthly,Fiber,UPI,Urban,Tablet,1
56,885,7,0,Monthly,DSL,UPI,Semi-Urban,Laptop,1
20,1556,3,3,Yearly,DSL,UPI,Urban,Tablet,0
62,1547,3,6,Yearly,DSL,Cash,Semi-Urban,Tablet,0
30,1293,27,0,Monthly,DSL,Auto Debit,Semi-Urban,Tablet,0
67,1735,40,8,Monthly,DSL,UPI,Semi-Urban,Laptop,1
45,871,33,3,Yearly,Fiber,UPI,Rural,Tablet,0
37,634,1,2,Monthly,DSL,Credit Card,Rural,Mobile,1
45,1545,8,0,Monthly,DSL,Auto Debit,Rural,Tablet,1
25,336,32,9,Yearly,DSL,Cash,Urban,Mobile,0
58,1288,48,3,Yearly,None,Credit Card,Urban,Laptop,0
56,577,4,8,Yearly,Fiber,UPI,Urban,Laptop,0
18,1519,70,9,Monthly,Fiber,Credit Card,Rural,Tablet,1
20,1215,19,5,Yearly,Fiber,Credit Card,Rural,Tablet,0
30,783,32,5,Monthly,None,UPI,Rural,Tablet,0
45,1565,9,0,Yearly,DSL,Auto Debit,Urban,Mobile,0
66,1647,12,9,Monthly,Fiber,Auto Debit,Rural,Laptop,1
42,1030,11,1,Monthly,Fiber,Credit Card,Urban,Mobile,1
50,491,46,5,Yearly,Fiber,UPI,Urban,Mobile,1
55,1340,16,1,Monthly,DSL,Cash,Urban,Tablet,0
23,823,1,2,Monthly,Fiber,Credit Card,Urban,Tablet,1
61,1217,63,3,Yearly,DSL,Cash,Semi-Urban,Mobile,0
62,700,21,4,Monthly,Fiber,Credit Card,Urban,Mobile,0
49,1185,30,8,Monthly,Fiber,Credit Card,Urban,Tablet,1
62,1004,13,3,Monthly,DSL,UPI,Semi-Urban,Tablet,0
64,321,34,8,Yearly,Fiber,UPI,Rural,Mobile,1
38,773,4,9,Yearly,DSL,Cash,Semi-Urban,Tablet,1
33,1443,28,2,Monthly,Fiber,Cash,Urban,Tablet,0
38,509,59,7,Yearly,Fiber,Auto Debit,Rural,Mobile,1
28,605,27,0,Monthly,DSL,UPI,Rural,Mobile,0
54,1593,69,8,Yearly,DSL,Credit Card,Urban,Laptop,0
53,1003,25,8,Monthly,None,Credit Card,Semi-Urban,Mobile,0
52,986,3,9,Monthly,DSL,Auto Debit,Urban,Tablet,1
36,584,68,1,Yearly,DSL,UPI,Urban,Mobile,0
37,1015,25,3,Monthly,DSL,Credit Card,Semi-Urban,Mobile,0
35,1999,20,7,Monthly,Fiber,Auto Debit,Rural,Mobile,1
64,1062,34,6,Monthly,Fiber,Auto Debit,Urban,Laptop,1
58,1550,26,0,Yearly,DSL,Credit Card,Rural,Laptop,0
66,1247,5,4,Monthly,DSL,Credit Card,Rural,Tablet,1
31,680,61,6,Monthly,DSL,Cash,Rural,Laptop,1
32,759,9,3,Monthly,DSL,UPI,Urban,Mobile,1
48,1330,50,0,Monthly,Fiber,Cash,Rural,Laptop,1
18,328,6,8,Monthly,Fiber,Auto Debit,Urban,Mobile,1
20,1206,60,4,Yearly,DSL,Credit Card,Semi-Urban,Laptop,0
33,1356,44,1,Yearly,DSL,Cash,Urban,Laptop,0
40,1969,11,7,Monthly,DSL,Auto Debit,Urban,Laptop,1
28,1178,66,1,Monthly,None,UPI,Semi-Urban,Mobile,0
29,378,47,2,Monthly,None,Credit Card,Urban,Laptop,0
27,1246,3,9,Monthly,Fiber,Cash,Urban,Mobile,1
49,758,30,0,Yearly,DSL,UPI,Urban,Mobile,0
33,869,21,1,Monthly,DSL,Cash,Semi-Urban,Tablet,0
25,1861,28,6,Monthly,DSL,Auto Debit,Urban,Laptop,1
55,1805,62,9,Yearly,DSL,UPI,Rural,Tablet,1
29,1753,33,1,Monthly,Fiber,Cash,Urban,Tablet,1
41,1037,35,5,Yearly,Fiber,UPI,Urban,Mobile,0
45,1608,52,2,Monthly,Fiber,Auto Debit,Urban,Laptop,1
25,815,34,3,Yearly,Fiber,UPI,Urban,Mobile,0
45,1422,41,7,Yearly,DSL,Cash,Urban,Mobile,0
53,696,51,2,Yearly,Fiber,Auto Debit,Urban,Laptop,0
43,1812,47,9,Yearly,DSL,Credit Card,Rural,Mobile,1
25,338,58,5,Monthly,DSL,Cash,Semi-Urban,Laptop,0
67,1594,57,0,Monthly,Fiber,Cash,Urban,Laptop,1
45,1186,23,6,Yearly,DSL,Auto Debit,Urban,Mobile,0
45,1096,48,7,Monthly,Fiber,Auto Debit,Rural,Mobile,1
54,456,22,7,Monthly,DSL,Credit Card,Urban,Tablet,1
58,1398,17,2,Monthly,Fiber,Cash,Urban,Mobile,0
53,1183,69,9,Monthly,Fiber,Auto Debit,Semi-Urban,Laptop,1
44,1453,11,0,Monthly,DSL,Credit Card,Semi-Urban,Tablet,0
34,1273,15,8,Monthly,Fiber,Credit Card,Semi-Urban,Laptop,1
26,1407,35,5,Yearly,DSL,Auto Debit,Urban,Tablet,0
50,1345,33,8,Monthly,Fiber,Cash,Urban,Mobile,1
37,1782,16,6,Monthly,Fiber,UPI,Semi-Urban,Mobile,1
30,1862,34,0,Monthly,Fiber,UPI,Urban,Mobile,1
45,1148,66,0,Monthly,None,Credit Card,Semi-Urban,Laptop,0
65,1705,40,5,Yearly,DSL,UPI,Semi-Urban,Tablet,0
46,1047,28,4,Monthly,Fiber,UPI,Urban,Laptop,0
30,1763,47,8,Monthly,Fiber,Auto Debit,Rural,Tablet,1
63,1927,39,1,Yearly,None,Credit Card,Rural,Mobile,0
52,1288,70,7,Monthly,DSL,Cash,Semi-Urban,Laptop,1
23,320,20,4,Monthly,Fiber,Credit Card,Urban,Mobile,0
35,602,1,1,Monthly,Fiber,Auto Debit,Urban,Laptop,0
68,1168,63,9,Yearly,DSL,UPI,Urban,Mobile,1
22,383,67,5,Monthly,Fiber,Cash,Urban,Laptop,0
64,1982,4,9,Monthly,DSL,Credit Card,Rural,Laptop,1
42,1776,58,7,Monthly,Fiber,UPI,Urban,Tablet,0
19,1710,25,3,Monthly,Fiber,Credit Card,Urban,Mobile,1
27,1830,47,1,Monthly,Fiber,Cash,Urban,Tablet,1
47,1580,38,4,Monthly,Fiber,Credit Card,Semi-Urban,Tablet,1
67,869,15,1,Monthly,Fiber,Credit Card,Urban,Mobile,0
62,1233,63,1,Yearly,DSL,Credit Card,Urban,Laptop,0
22,1850,21,5,Yearly,DSL,UPI,Urban,Tablet,0
50,1485,57,9,Monthly,Fiber,Cash,Rural,Mobile,1
18,1486,53,8,Yearly,DSL,Cash,Urban,Laptop,0
35,1308,46,3,Monthly,DSL,UPI,Rural,Tablet,0
49,1092,14,5,Monthly,Fiber,UPI,Rural,Tablet,1
64,1091,17,6,Yearly,DSL,UPI,Urban,Tablet,0
66,1847,39,5,Yearly,DSL,Auto Debit,Semi-Urban,Laptop,0
28,1594,9,7,Yearly,Fiber,Credit Card,Urban,Tablet,1
38,791,6,3,Monthly,DSL,Credit Card,Rural,Laptop,1
43,507,23,0,Yearly,None,Cash,Semi-Urban,Tablet,0
42,1862,59,6,Monthly,Fiber,Credit Card,Urban,Mobile,1
39,1907,46,2,Yearly,Fiber,Auto Debit,Urban,Tablet,0
44,1383,38,5,Yearly,DSL,UPI,Urban,Mobile,0
66,729,14,1,Monthly,Fiber,Cash,Rural,Mobile,1
30,1284,62,8,Yearly,Fiber,Cash,Urban,Mobile,0
50,1980,35,0,Monthly,Fiber,Credit Card,Semi-Urban,Laptop,1
51,1928,19,5,Monthly,DSL,Cash,Urban,Mobile,0
58,1632,30,5,Monthly,Fiber,UPI,Rural,Tablet,1
52,819,25,4,Monthly,Fiber,Cash,Urban,Laptop,0
18,890,40,4,Yearly,Fiber,UPI,Semi-Urban,Mobile,0
38,1350,14,0,Yearly,Fiber,Auto Debit,Urban,Laptop,0
65,1885,26,9,Monthly,Fiber,Auto Debit,Semi-Urban,Laptop,0
23,498,22,4,Yearly,Fiber,UPI,Urban,Laptop,0
45,686,48,1,Yearly,DSL,Credit Card,Urban,Tablet,0
34,648,51,6,Monthly,Fiber,Cash,Urban,Mobile,1
22,1259,3,2,Yearly,DSL,Credit Card,Semi-Urban,Laptop,0
48,992,42,3,Monthly,Fiber,Cash,Urban,Laptop,0
22,1859,19,2,Yearly,DSL,Auto Debit,Semi-Urban,Laptop,0
55,677,28,2,Monthly,Fiber,Auto Debit,Urban,Mobile,0
20,1198,45,3,Monthly,DSL,Auto Debit,Rural,Laptop,0
40,1215,71,4,Monthly,Fiber,Cash,Rural,Laptop,1
54,1881,63,0,Yearly,Fiber,Auto Debit,Semi-Urban,Tablet,0
54,826,19,3,Monthly,DSL,Auto Debit,Urban,Mobile,0
27,1476,47,7,Monthly,DSL,Auto Debit,Urban,Tablet,0
27,1033,14,9,Monthly,DSL,Auto Debit,Urban,Mobile,1
36,505,38,6,Yearly,Fiber,Credit Card,Urban,Mobile,0
34,754,53,8,Monthly,Fiber,Auto Debit,Semi-Urban,Mobile,1
38,1596,61,4,Monthly,Fiber,Auto Debit,Semi-Urban,Tablet,1
31,1559,36,9,Monthly,DSL,Credit Card,Rural,Tablet,1
26,820,40,3,Monthly,Fiber,Credit Card,Urban,Tablet,0
63,1316,30,7,Yearly,Fiber,Cash,Semi-Urban,Tablet,0
18,1255,9,8,Yearly,Fiber,UPI,Urban,Laptop,0
68,1025,64,6,Monthly,Fiber,Auto Debit,Semi-Urban,Laptop,1
62,1313,33,6,Monthly,DSL,Auto Debit,Urban,Laptop,1
30,800,52,4,Yearly,DSL,Auto Debit,Urban,Mobile,0
21,416,14,3,Monthly,DSL,Cash,Urban,Laptop,0
18,685,53,9,Yearly,DSL,Auto Debit,Semi-Urban,Mobile,0
66,1667,59,0,Yearly,DSL,UPI,Rural,Tablet,0
57,883,41,9,Yearly,DSL,Credit Card,Urban,Mobile,0
49,694,68,9,Monthly,DSL,Cash,Urban,Mobile,1
51,1387,68,6,Monthly,None,Credit Card,Urban,Laptop,1
45,1020,8,0,Yearly,Fiber,Auto Debit,Semi-Urban,Tablet,0
48,371,2,0,Monthly,Fiber,Auto Debit,Urban,Tablet,1
25,573,41,4,Yearly,Fiber,Auto Debit,Semi-Urban,Laptop,0
56,1643,55,8,Monthly,DSL,UPI,Rural,Tablet,1
43,637,16,5,Yearly,Fiber,UPI,Rural,Tablet,0
51,1689,62,2,Monthly,DSL,Cash,Urban,Tablet,0
20,1818,48,2,Monthly,Fiber,Credit Card,Rural,Laptop,1
67,906,30,6,Monthly,DSL,Auto Debit,Semi-Urban,Tablet,1
29,465,12,5,Yearly,None,Auto Debit,Urban,Mobile,0
18,1867,35,8,Yearly,DSL,Auto Debit,Semi-Urban,Mobile,0
61,310,11,5,Monthly,DSL,Auto Debit,Rural,Tablet,1
22,1624,64,4,Monthly,None,UPI,Urban,Laptop,0
47,1028,50,9,Yearly,DSL,Credit Card,Urban,Laptop,0
47,1100,21,6,Monthly,Fiber,Credit Card,Urban,Laptop,1
34,401,69,0,Monthly,Fiber,Cash,Semi-Urban,Tablet,0
65,1748,48,6,Monthly,Fiber,UPI,Urban,Tablet,1
64,1715,20,2,Monthly,None,Auto Debit,Rural,Mobile,1
40,1078,67,8,Monthly,None,Credit Card,Semi-Urban,Laptop,1
32,513,44,5,Monthly,DSL,Credit Card,Semi-Urban,Mobile,0
54,1411,33,8,Monthly,Fiber,UPI,Urban,Mobile,1
38,1876,61,4,Monthly,Fiber,Cash,Semi-Urban,Laptop,1
31,700,9,6,Monthly,Fiber,Cash,Urban,Tablet,1
19,887,68,3,Monthly,DSL,Auto Debit,Urban,Tablet,0
28,1188,35,6,Monthly,Fiber,Cash,Semi-Urban,Mobile,1
68,1369,65,0,Yearly,None,Credit Card,Urban,Mobile,0
56,1995,8,6,Monthly,None,Cash,Semi-Urban,Mobile,1
55,1786,45,7,Monthly,Fiber,Auto Debit,Urban,Mobile,1
51,891,47,4,Monthly,DSL,Credit Card,Urban,Laptop,0
55,1633,40,1,Monthly,DSL,Cash,Urban,Mobile,0
67,1409,54,4,Monthly,Fiber,Cash,Rural,Mobile,1
51,391,46,5,Monthly,Fiber,UPI,Semi-Urban,Tablet,0
35,1983,47,1,Yearly,Fiber,Auto Debit,Semi-Urban,Tablet,1
47,972,15,5,Monthly,DSL,Cash,Urban,Tablet,0
32,1013,19,5,Yearly,Fiber,UPI,Urban,Laptop,0
44,1235,26,0,Monthly,Fiber,Credit Card,Rural,Laptop,1
68,541,52,0,Monthly,None,UPI,Urban,Tablet,1
51,301,22,9,Monthly,Fiber,UPI,Urban,Tablet,0
69,524,21,2,Monthly,DSL,Cash,Semi-Urban,Mobile,0
55,1100,51,9,Monthly,Fiber,Cash,Urban,Mobile,1
50,888,38,9,Yearly,DSL,Cash,Rural,Laptop,0
41,415,20,2,Monthly,None,UPI,Semi-Urban,Laptop,0
32,1989,29,3,Yearly,DSL,Credit Card,Urban,Mobile,0
47,1217,51,1,Yearly,Fiber,Auto Debit,Urban,Tablet,0
59,1426,4,8,Monthly,DSL,UPI,Urban,Mobile,1
68,493,55,9,Monthly,Fiber,Cash,Rural,Laptop,1
34,1489,71,6,Monthly,Fiber,Auto Debit,Semi-Urban,Laptop,1
22,1170,28,6,Monthly,Fiber,Credit Card,Urban,Mobile,1
46,389,4,5,Monthly,DSL,Auto Debit,Urban,Mobile,1
21,421,22,2,Monthly,DSL,Cash,Semi-Urban,Mobile,0
27,442,45,5,Monthly,DSL,UPI,Semi-Urban,Laptop,0
34,1293,67,7,Monthly,Fiber,UPI,Urban,Tablet,1
27,405,66,7,Yearly,DSL,Cash,Urban,Mobile,0
34,1186,34,8,Yearly,Fiber,UPI,Urban,Laptop,0
37,727,55,0,Yearly,Fiber,Cash,Semi-Urban,Laptop,0
41,1628,1,0,Monthly,Fiber,UPI,Rural,Laptop,1
22,616,38,2,Monthly,Fiber,UPI,Urban,Mobile,0
51,934,6,2,Monthly,Fiber,UPI,Semi-Urban,Mobile,1
23,308,25,9,Monthly,DSL,Credit Card,Urban,Tablet,1
19,1073,17,7,Monthly,Fiber,Credit Card,Urban,Laptop,1
30,1396,61,9,Yearly,Fiber,Cash,Urban,Mobile,0
60,1682,12,0,Yearly,DSL,Credit Card,Rural,Laptop,0
60,522,6,1,Monthly,Fiber,Cash,Urban,Laptop,1
65,1739,27,1,Monthly,Fiber,Auto Debit,Semi-Urban,Tablet,1
28,852,8,2,Monthly,Fiber,Auto Debit,Urban,Mobile,1
68,1693,65,5,Monthly,DSL,Credit Card,Urban,Mobile,0
64,1015,57,0,Monthly,Fiber,Auto Debit,Urban,Laptop,1
40,1587,40,1,Monthly,DSL,Auto Debit,Semi-Urban,Laptop,0
33,1641,14,0,Monthly,DSL,UPI,Urban,Tablet,0
48,1407,35,4,Yearly,None,UPI,Semi-Urban,Tablet,0
28,1641,48,6,Monthly,Fiber,Cash,Urban,Tablet,0
33,410,56,7,Yearly,Fiber,Auto Debit,Urban,Tablet,0
25,550,49,9,Monthly,DSL,Cash,Urban,Tablet,1
21,682,13,0,Monthly,Fiber,Cash,Urban,Tablet,0
57,306,61,6,Monthly,Fiber,Auto Debit,Urban,Laptop,1
21,758,49,4,Monthly,DSL,Credit Card,Urban,Tablet,0
42,1407,46,9,Monthly,Fiber,Auto Debit,Semi-Urban,Laptop,1
20,507,62,0,Yearly,DSL,UPI,Semi-Urban,Laptop,0
49,1199,8,2,Yearly,Fiber,Auto Debit,Urban,Mobile,0
20,1713,43,6,Monthly,Fiber,Credit Card,Urban,Laptop,1
44,1637,20,9,Monthly,DSL,Cash,Urban,Laptop,1
46,321,39,0,Yearly,DSL,Cash,Urban,Tablet,0
49,709,49,6,Monthly,DSL,UPI,Urban,Laptop,1
67,1194,64,4,Monthly,DSL,UPI,Rural,Tablet,0
68,814,62,0,Monthly,Fiber,UPI,Urban,Tablet,0
36,1450,54,0,Yearly,Fiber,Cash,Urban,Tablet,0
38,1108,9,0,Yearly,DSL,UPI,Urban,Mobile,0
22,1173,37,8,Monthly,DSL,Auto Debit,Urban,Tablet,1
35,313,49,2,Yearly,Fiber,Cash,Semi-Urban,Laptop,0
45,1270,41,4,Yearly,Fiber,Credit Card,Urban,Tablet,0
59,1277,17,9,Monthly,DSL,Cash,Urban,Tablet,1
39,1313,21,8,Monthly,DSL,Auto Debit,Semi-Urban,Tablet,1
38,1335,51,5,Monthly,Fiber,Auto Debit,Urban,Mobile,1
23,386,59,8,Yearly,DSL,UPI,Semi-Urban,Laptop,0
18,1847,39,7,Monthly,DSL,Cash,Semi-Urban,Mobile,1
22,1208,55,7,Yearly,Fiber,Cash,Urban,Laptop,0
58,1860,41,0,Monthly,Fiber,Cash,Semi-Urban,Mobile,1
29,1624,39,8,Yearly,Fiber,Credit Card,Urban,Laptop,1
43,1566,13,5,Monthly,Fiber,UPI,Semi-Urban,Mobile,1
63,421,64,8,Monthly,Fiber,Auto Debit,Urban,Tablet,1
51,1470,11,2,Yearly,DSL,Auto Debit,Urban,Mobile,0
66,1890,19,2,Yearly,DSL,UPI,Semi-Urban,Mobile,0
31,1049,11,5,Yearly,DSL,Auto Debit,Rural,Tablet,0
43,1679,46,8,Monthly,DSL,Auto Debit,Rural,Tablet,1
62,984,45,6,Yearly,Fiber,UPI,Semi-Urban,Laptop,0
44,1954,1,2,Monthly,Fiber,Auto Debit,Urban,Laptop,1
26,608,40,2,Monthly,None,Cash,Urban,Laptop,0
43,994,19,1,Monthly,Fiber,Credit Card,Urban,Mobile,0
64,587,61,8,Monthly,DSL,UPI,Urban,Laptop,1
39,606,12,2,Monthly,DSL,Credit Card,Urban,Mobile,0
64,1917,61,4,Yearly,Fiber,Auto Debit,Rural,Mobile,0
47,1213,33,8,Monthly,Fiber,Auto Debit,Urban,Laptop,0
60,961,45,7,Yearly,Fiber,Cash,Urban,Laptop,1
65,848,69,1,Monthly,Fiber,UPI,Urban,Mobile,1
34,1675,8,2,Monthly,Fiber,Auto Debit,Rural,Tablet,1
43,611,25,1,Monthly,Fiber,UPI,Semi-Urban,Tablet,0
53,1172,46,7,Yearly,DSL,UPI,Semi-Urban,Mobile,0
18,1382,30,5,Yearly,Fiber,UPI,Urban,Laptop,0
25,1966,47,5,Yearly,Fiber,UPI,Rural,Mobile,0
66,1223,49,8,Yearly,DSL,UPI,Urban,Mobile,0
52,1054,47,7,Monthly,Fiber,Credit Card,Rural,Laptop,0
69,334,18,3,Monthly,DSL,Cash,Semi-Urban,Tablet,0
32,744,66,3,Yearly,None,UPI,Urban,Mobile,1
64,392,68,8,Monthly,DSL,Credit Card,Urban,Tablet,1
39,1530,33,0,Monthly,Fiber,Auto Debit,Semi-Urban,Tablet,1
31,652,36,1,Monthly,DSL,UPI,Urban,Laptop,0
43,1202,19,1,Monthly,Fiber,Auto Debit,Rural,Mobile,1
45,1655,28,5,Monthly,DSL,UPI,Urban,Mobile,0
40,1161,40,3,Monthly,DSL,Credit Card,Urban,Tablet,0
31,458,15,9,Monthly,Fiber,Credit Card,Urban,Tablet,1
41,1256,41,2,Monthly,None,Credit Card,Urban,Laptop,0
19,323,39,2,Monthly,DSL,Cash,Urban,Tablet,0
62,703,2,2,Monthly,DSL,Auto Debit,Urban,Laptop,1
43,1104,63,5,Yearly,Fiber,Cash,Semi-Urban,Mobile,0
31,815,29,7,Monthly,Fiber,UPI,Urban,Laptop,1
68,1031,66,6,Monthly,None,Auto Debit,Rural,Tablet,1
24,1687,51,3,Yearly,DSL,Credit Card,Semi-Urban,Mobile,0
20,1705,10,3,Monthly,Fiber,Auto Debit,Rural,Laptop,1
64,831,14,9,Monthly,DSL,Credit Card,Urban,Mobile,1
40,1255,51,1,Yearly,DSL,Cash,Urban,Laptop,0
63,451,39,0,Monthly,Fiber,Cash,Urban,Tablet,0
60,1885,28,8,Yearly,Fiber,Credit Card,Semi-Urban,Tablet,1
64,1246,3,1,Yearly,Fiber,Credit Card,Rural,Mobile,1
62,907,70,7,Yearly,DSL,UPI,Urban,Mobile,0
35,1940,27,8,Monthly,Fiber,Cash,Urban,Mobile,0
55,719,2,3,Monthly,Fiber,Cash,Rural,Laptop,1
52,1573,38,7,Monthly,None,UPI,Urban,Tablet,1
68,1440,3,8,Monthly,DSL,Cash,Semi-Urban,Mobile,1
32,1165,16,9,Monthly,DSL,Credit Card,Semi-Urban,Mobile,1
42,1835,40,9,Monthly,DSL,Auto Debit,Rural,Mobile,0
54,877,2,4,Monthly,Fiber,Auto Debit,Urban,Laptop,1
45,634,41,6,Monthly,DSL,Cash,Urban,Mobile,1
27,1741,12,9,Monthly,None,UPI,Semi-Urban,Mobile,1
56,1231,35,3,Monthly,DSL,Credit Card,Rural,Laptop,0
34,594,65,0,Yearly,Fiber,Auto Debit,Urban,Laptop,0
56,1054,55,2,Monthly,DSL,Credit Card,Urban,Mobile,0
39,1694,45,4,Monthly,Fiber,Cash,Semi-Urban,Mobile,1
43,485,62,2,Yearly,None,Cash,Rural,Laptop,0
61,1569,49,6,Monthly,DSL,Auto Debit,Rural,Tablet,1
42,936,25,8,Monthly,None,Cash,Rural,Laptop,1
34,1591,23,5,Monthly,Fiber,UPI,Urban,Tablet,1
30,1966,24,9,Yearly,None,Cash,Urban,Mobile,0
37,1560,38,0,Monthly,Fiber,Cash,Semi-Urban,Mobile,1
42,829,28,6,Monthly,DSL,Cash,Rural,Tablet,1
21,1875,21,2,Monthly,DSL,Credit Card,Urban,Laptop,0
27,320,54,4,Yearly,DSL,Credit Card,Urban,Mobile,0
20,1210,18,9,Monthly,DSL,Auto Debit,Semi-Urban,Tablet,1
58,1166,36,3,Monthly,DSL,Auto Debit,Urban,Laptop,0
62,1093,45,9,Yearly,DSL,Auto Debit,Urban,Tablet,1
35,1843,53,4,Monthly,Fiber,Cash,Semi-Urban,Laptop,1
64,399,30,4,Yearly,Fiber,Credit Card,Semi-Urban,Laptop,0
53,1051,60,5,Monthly,DSL,UPI,Semi-Urban,Laptop,0
64,777,32,9,Yearly,DSL,Cash,Urban,Laptop,0
39,1922,67,9,Monthly,Fiber,Cash,Semi-Urban,Tablet,1
51,1621,67,5,Yearly,DSL,Cash,Semi-Urban,Tablet,1
64,1239,28,7,Yearly,DSL,UPI,Semi-Urban,Tablet,1
25,825,44,7,Monthly,DSL,Auto Debit,Semi-Urban,Tablet,1
57,633,41,8,Monthly,None,UPI,Urban,Tablet,0
66,301,63,7,Monthly,Fiber,Auto Debit,Urban,Laptop,1
61,674,23,1,Monthly,DSL,UPI,Urban,Mobile,0
36,592,48,9,Monthly,Fiber,Credit Card,Urban,Mobile,1
59,1136,32,0,Monthly,Fiber,Cash,Semi-Urban,Tablet,0
58,1304,57,9,Monthly,Fiber,Cash,Rural,Tablet,1
54,852,33,1,Monthly,Fiber,Cash,Semi-Urban,Mobile,0
23,617,24,1,Monthly,Fiber,Auto Debit,Semi-Urban,Laptop,0
69,1825,39,2,Yearly,DSL,UPI,Urban,Tablet,0
43,680,34,9,Monthly,DSL,Credit Card,Urban,Laptop,1
51,1946,56,6,Monthly,Fiber,UPI,Urban,Mobile,1
62,313,28,1,Monthly,Fiber,Cash,Urban,Mobile,0
23,803,37,0,Monthly,Fiber,Credit Card,Urban,Tablet,0
54,530,7,5,Monthly,Fiber,Credit Card,Semi-Urban,Laptop,1
50,1407,68,8,Monthly,None,Cash,Rural,Tablet,1
39,429,37,2,Monthly,DSL,UPI,Urban,Mobile,0
38,1137,56,5,Yearly,Fiber,Cash,Urban,Laptop,0
23,1468,65,2,Monthly,Fiber,UPI,Semi-Urban,Tablet,0
23,1190,65,0,Yearly,None,Credit Card,Urban,Tablet,1
65,327,47,4,Yearly,None,Credit Card,Rural,Tablet,0
21,365,20,9,Yearly,Fiber,Cash,Semi-Urban,Mobile,1
47,1486,19,3,Yearly,DSL,Credit Card,Rural,Tablet,0
28,1552,29,6,Monthly,Fiber,Auto Debit,Urban,Laptop,1
47,560,60,5,Monthly,DSL,Credit Card,Semi-Urban,Tablet,0
48,1772,18,9,Yearly,Fiber,Auto Debit,Urban,Mobile,1
41,1747,35,6,Monthly,None,Credit Card,Semi-Urban,Tablet,1
26,759,43,4,Monthly,DSL,Cash,Urban,Mobile,0
20,1999,11,3,Yearly,Fiber,Cash,Urban,Mobile,1
68,600,49,6,Yearly,Fiber,Auto Debit,Semi-Urban,Laptop,0
48,1218,38,6,Yearly,Fiber,Cash,Semi-Urban,Laptop,0
57,1626,64,5,Yearly,DSL,Credit Card,Rural,Tablet,0
54,586,69,7,Yearly,Fiber,Credit Card,Semi-Urban,Mobile,0
53,1718,8,3,Monthly,None,Cash,Semi-Urban,Mobile,1
41,1333,34,9,Yearly,None,Credit Card,Urban,Laptop,0
48,929,48,4,Monthly,DSL,UPI,Semi-Urban,Laptop,0
23,569,56,3,Monthly,Fiber,UPI,Semi-Urban,Tablet,0
19,891,65,0,Yearly,Fiber,Credit Card,Rural,Mobile,0
37,1928,31,7,Monthly,DSL,Cash,Rural,Laptop,1
45,1143,4,0,Monthly,DSL,Auto Debit,Urban,Tablet,1
28,1161,50,4,Monthly,DSL,Cash,Rural,Mobile,0
21,1684,69,5,Yearly,None,Auto Debit,Urban,Mobile,0
32,1580,30,5,Monthly,Fiber,Cash,Urban,Laptop,1
23,432,59,4,Yearly,Fiber,Credit Card,Semi-Urban,Tablet,0
66,1599,67,2,Monthly,DSL,UPI,Urban,Laptop,0
47,1271,45,4,Yearly,Fiber,Cash,Semi-Urban,Tablet,0
55,812,4,7,Yearly,DSL,Auto Debit,Urban,Mobile,1
68,612,26,1,Monthly,DSL,UPI,Urban,Tablet,0
19,875,27,5,Monthly,Fiber,Auto Debit,Semi-Urban,Tablet,0
32,1185,46,8,Monthly,DSL,Credit Card,Semi-Urban,Tablet,1
28,1607,64,7,Yearly,Fiber,UPI,Rural,Tablet,1
25,1444,51,7,Yearly,DSL,Auto Debit,Semi-Urban,Tablet,0
43,1430,50,7,Yearly,Fiber,Cash,Semi-Urban,Laptop,0
68,986,6,6,Monthly,Fiber,Credit Card,Urban,Tablet,1
62,1527,59,7,Yearly,Fiber,Credit Card,Urban,Tablet,0
61,464,15,5,Yearly,DSL,Credit Card,Urban,Mobile,0
22,604,30,1,Yearly,DSL,Cash,Semi-Urban,Tablet,0
23,1820,42,1,Yearly,None,Cash,Semi-Urban,Mobile,0
43,1955,37,7,Monthly,DSL,UPI,Urban,Laptop,1
21,1879,42,0,Monthly,Fiber,Cash,Semi-Urban,Laptop,1
36,455,35,5,Yearly,None,UPI,Semi-Urban,Tablet,0
37,1690,6,5,Yearly,DSL,Credit Card,Urban,Laptop,0
50,919,68,3,Monthly,DSL,UPI,Urban,Tablet,0
37,1574,18,9,Monthly,Fiber,Auto Debit,Rural,Laptop,1
66,1256,29,2,Monthly,None,Credit Card,Semi-Urban,Tablet,0
29,633,59,2,Monthly,None,Credit Card,Rural,Tablet,0
64,1965,47,0,Monthly,Fiber,UPI,Urban,Mobile,1
18,1268,17,2,Yearly,Fiber,Credit Card,Rural,Mobile,0
43,810,22,3,Yearly,DSL,Cash,Urban,Mobile,0
31,1616,68,4,Monthly,None,Auto Debit,Urban,Mobile,0
55,1343,69,2,Monthly,None,UPI,Rural,Tablet,0
54,581,37,5,Monthly,DSL,UPI,Urban,Laptop,0
28,1096,49,4,Monthly,DSL,Credit Card,Semi-Urban,Tablet,0
53,1324,13,2,Yearly,DSL,Cash,Urban,Mobile,0
30,418,34,5,Yearly,DSL,Credit Card,Semi-Urban,Mobile,0
60,1358,53,5,Monthly,Fiber,Credit Card,Rural,Laptop,1
20,497,51,7,Yearly,DSL,UPI,Urban,Mobile,0
50,784,3,1,Yearly,DSL,Credit Card,Semi-Urban,Tablet,0
23,1382,42,0,Yearly,DSL,Auto Debit,Urban,Tablet,0
67,1136,32,3,Monthly,None,Credit Card,Semi-Urban,Tablet,0
27,1484,51,6,Yearly,Fiber,Credit Card,Urban,Tablet,0
22,1308,46,9,Monthly,Fiber,UPI,Urban,Tablet,1
40,990,21,2,Monthly,DSL,Credit Card,Urban,Laptop,1
27,1529,44,2,Monthly,None,Cash,Urban,Tablet,0
61,1335,11,4,Monthly,Fiber,UPI,Rural,Mobile,0
19,789,68,4,Monthly,DSL,Credit Card,Urban,Mobile,0
30,575,1,9,Monthly,DSL,Auto Debit,Urban,Mobile,1
57,992,63,2,Monthly,DSL,Auto Debit,Urban,Mobile,1
19,541,24,8,Yearly,DSL,UPI,Urban,Laptop,0
37,1539,13,3,Yearly,Fiber,UPI,Semi-Urban,Mobile,0
18,1574,11,2,Monthly,None,Credit Card,Rural,Laptop,1
54,425,51,1,Yearly,Fiber,Cash,Urban,Mobile,0
26,516,17,9,Yearly,Fiber,Credit Card,Rural,Laptop,1
34,1629,24,8,Yearly,Fiber,Auto Debit,Semi-Urban,Laptop,1
26,1508,19,3,Monthly,Fiber,Cash,Urban,Laptop,1
28,1362,37,2,Yearly,Fiber,Cash,Semi-Urban,Mobile,0
32,1546,8,6,Yearly,DSL,Cash,Semi-Urban,Laptop,1
41,1507,28,7,Yearly,DSL,Credit Card,Semi-Urban,Tablet,0
55,794,5,1,Monthly,Fiber,Auto Debit,Rural,Tablet,1
52,726,17,6,Monthly,DSL,UPI,Urban,Mobile,1
47,1501,36,4,Yearly,DSL,Credit Card,Rural,Tablet,0
48,1218,19,4,Monthly,Fiber,UPI,Semi-Urban,Tablet,0
66,1751,64,2,Monthly,None,Cash,Urban,Tablet,0
22,1617,11,4,Monthly,Fiber,Cash,Semi-Urban,Mobile,1
61,450,54,1,Yearly,Fiber,Credit Card,Urban,Mobile,0
67,683,45,3,Yearly,Fiber,Auto Debit,Rural,Tablet,0
31,1961,47,5,Monthly,Fiber,Cash,Semi-Urban,Mobile,0
28,607,12,0,Yearly,Fiber,UPI,Urban,Laptop,0
26,1659,21,9,Monthly,Fiber,UPI,Urban,Tablet,1
51,1045,11,3,Yearly,Fiber,Credit Card,Semi-Urban,Mobile,0
29,1191,5,5,Yearly,Fiber,UPI,Urban,Mobile,0
52,674,56,8,Yearly,Fiber,Auto Debit,Urban,Tablet,0
52,1331,20,1,Yearly,Fiber,Cash,Urban,Mobile,0
18,1664,41,6,Monthly,DSL,UPI,Urban,Tablet,1
57,428,46,5,Yearly,DSL,UPI,Urban,Mobile,0
39,1314,12,1,Monthly,DSL,Cash,Urban,Laptop,0
46,968,70,7,Yearly,Fiber,Credit Card,Urban,Tablet,0
25,1675,17,6,Yearly,DSL,UPI,Semi-Urban,Laptop,0
28,1681,19,4,Yearly,DSL,Credit Card,Semi-Urban,Tablet,0
58,816,26,4,Monthly,Fiber,Credit Card,Urban,Mobile,0
54,1818,48,6,Yearly,DSL,UPI,Urban,Laptop,0
31,385,52,8,Monthly,Fiber,Auto Debit,Semi-Urban,Mobile,1
47,1498,70,8,Monthly,DSL,Credit Card,Urban,Tablet,1
52,1516,55,8,Yearly,None,UPI,Urban,Tablet,0
38,610,33,5,Monthly,Fiber,Credit Card,Urban,Tablet,0
54,1442,62,9,Yearly,Fiber,Cash,Rural,Tablet,1
22,1541,23,5,Monthly,Fiber,Auto Debit,Semi-Urban,Tablet,0
36,726,15,2,Monthly,Fiber,Auto Debit,Semi-Urban,Laptop,0
31,1737,27,0,Yearly,DSL,Cash,Semi-Urban,Tablet,0
43,413,64,6,Monthly,DSL,Cash,Semi-Urban,Mobile,1
21,1468,51,3,Monthly,DSL,Credit Card,Urban,Laptop,0
42,1861,53,0,Yearly,Fiber,Cash,Semi-Urban,Mobile,0
62,1971,51,7,Monthly,Fiber,Auto Debit,Urban,Tablet,1
59,602,47,5,Yearly,Fiber,Cash,Semi-Urban,Mobile,0
42,1043,4,5,Monthly,DSL,UPI,Semi-Urban,Laptop,1
35,887,7,1,Yearly,Fiber,UPI,Semi-Urban,Laptop,0
57,1286,35,0,Yearly,Fiber,Credit Card,Urban,Laptop,0
25,644,48,1,Yearly,Fiber,Auto Debit,Urban,Mobile,0
56,1113,45,3,Monthly,Fiber,UPI,Semi-Urban,Laptop,0
57,1100,19,1,Yearly,DSL,Cash,Semi-Urban,Mobile,0
31,1324,63,0,Yearly,Fiber,UPI,Rural,Tablet,0
49,1470,38,6,Yearly,Fiber,UPI,Urban,Tablet,0
68,1610,67,7,Monthly,DSL,Credit Card,Semi-Urban,Mobile,1
55,1977,59,5,Yearly,DSL,Cash,Semi-Urban,Laptop,0
50,1376,69,3,Yearly,Fiber,Cash,Rural,Mobile,0
40,1627,13,5,Monthly,Fiber,Cash,Semi-Urban,Mobile,1
32,1392,47,2,Monthly,Fiber,Credit Card,Semi-Urban,Mobile,1
50,660,61,7,Yearly,DSL,Cash,Semi-Urban,Tablet,0
42,1925,31,9,Monthly,Fiber,Cash,Semi-Urban,Mobile,1
34,1543,22,1,Yearly,Fiber,UPI,Rural,Tablet,0
50,1309,43,4,Yearly,Fiber,UPI,Urban,Mobile,0
64,1003,67,0,Yearly,Fiber,Cash,Urban,Tablet,0
19,874,54,5,Monthly,DSL,Auto Debit,Rural,Mobile,0
31,1908,10,1,Monthly,Fiber,Auto Debit,Semi-Urban,Mobile,1
57,1484,42,3,Yearly,DSL,Cash,Semi-Urban,Laptop,0
57,1412,64,5,Monthly,None,Auto Debit,Urban,Laptop,0
68,987,21,9,Yearly,Fiber,Credit Card,Urban,Mobile,0
56,1080,66,7,Monthly,Fiber,UPI,Semi-Urban,Mobile,1
68,884,41,7,Monthly,Fiber,Credit Card,Semi-Urban,Mobile,1
23,888,24,5,Monthly,None,UPI,Urban,Mobile,0
23,1482,35,3,Monthly,Fiber,Auto Debit,Urban,Laptop,1
20,788,56,7,Yearly,Fiber,Auto Debit,Rural,Tablet,1
24,1270,30,7,Monthly,Fiber,Cash,Urban,Mobile,1
68,1647,57,9,Monthly,Fiber,Auto Debit,Rural,Laptop,1
25,1933,47,0,Monthly,Fiber,Auto Debit,Urban,Mobile,1
59,1704,35,3,Monthly,DSL,Cash,Semi-Urban,Mobile,0
69,1425,19,3,Monthly,Fiber,Cash,Rural,Tablet,1
32,793,8,6,Yearly,DSL,UPI,Semi-Urban,Mobile,1
64,1967,26,6,Monthly,None,Auto Debit,Urban,Mobile,1
46,1937,71,7,Monthly,DSL,UPI,Semi-Urban,Tablet,1